order_id,order_date,customer_id,product_id,category,quantity,price,payment_type,city
1001,2025-01-01,C218,P401,Beauty,3,8916,Credit Card,Pune
1002,2025-01-09,C038,P401,Beauty,1,7736,UPI,Kolkata
1003,2025-02-18,C261,P402,Beauty,4,12913,Debit Card,Hyderabad
1004,2025-01-25,C182,P101,Electronics,5,12659,Debit Card,Pune
1005,2025-02-02,C099,P103,Electronics,4,15415,UPI,Mumbai
1006,2025-01-19,C223,P202,Fashion,2,11919,Credit Card,Hyderabad
1007,2025-02-24,C252,P302,Home,2,17777,COD,Bangalore
1008,2025-01-22,C164,P101,Electronics,4,9641,UPI,Chennai
1009,2025-01-05,C109,P201,Fashion,3,4369,COD,Kolkata
1010,2025-01-30,C208,P203,Fashion,1,14466,UPI,Hyderabad
1011,2025-01-20,C268,P402,Beauty,3,7780,COD,Pune
1012,2025-02-18,C141,P201,Fashion,4,16547,Debit Card,Kolkata
1013,2025-03-01,C168,P401,Beauty,1,11892,COD,Chennai
1014,2025-01-25,C076,P501,Sports,2,12395,UPI,Hyderabad
1015,2025-02-13,C139,P301,Home,1,12403,COD,Chennai
1016,2025-01-18,C233,P302,Home,2,12741,Credit Card,Bangalore
1017,2025-01-13,C199,P101,Electronics,2,11666,COD,Pune
1018,2025-01-01,C096,P103,Electronics,1,3300,Credit Card,Mumbai
1019,2025-02-19,C102,P102,Electronics,5,17990,COD,Kolkata
1020,2025-01-20,C080,P103,Electronics,5,15096,COD,Delhi
1021,2025-02-21,C298,P501,Sports,4,10597,COD,Kolkata
1022,2025-02-22,C271,P402,Beauty,4,2680,COD,Bangalore
1023,2025-02-21,C194,P401,Beauty,2,4887,UPI,Chennai
1024,2025-01-22,C084,P501,Sports,4,18910,Debit Card,Hyderabad
1025,2025-02-19,C094,P102,Electronics,3,8189,COD,Pune
1026,2025-02-16,C227,P402,Beauty,1,11953,Credit Card,Mumbai
1027,2025-02-22,C073,P402,Beauty,3,19013,UPI,Mumbai
1028,2025-01-30,C268,P502,Sports,4,18510,UPI,Pune
1029,2025-01-16,C052,P102,Electronics,2,8290,UPI,Delhi
1030,2025-02-26,C296,P301,Home,1,2105,Credit Card,Mumbai
1031,2025-02-14,C068,P502,Sports,4,6278,COD,Delhi
1032,2025-02-26,C168,P502,Sports,5,13069,Credit Card,Mumbai
1033,2025-02-21,C145,P203,Fashion,3,12414,Debit Card,Delhi
1034,2025-01-07,C241,P103,Electronics,3,13998,Debit Card,Delhi
1035,2025-02-11,C237,P402,Beauty,3,10787,Credit Card,Mumbai
1036,2025-02-05,C082,P502,Sports,5,17318,Debit Card,Mumbai
1037,2025-01-09,C282,P401,Beauty,4,19449,Credit Card,Pune
1038,2025-02-06,C195,P203,Fashion,3,13160,Debit Card,Chennai
1039,2025-02-17,C258,P401,Beauty,2,12120,Debit Card,Mumbai
1040,2025-01-20,C082,P103,Electronics,3,10407,Credit Card,Delhi
1041,2025-02-28,C179,P101,Electronics,1,5366,Credit Card,Chennai
1042,2025-02-27,C246,P203,Fashion,2,11412,UPI,Mumbai
1043,2025-01-30,C270,P103,Electronics,2,15194,Credit Card,Delhi
1044,2025-01-24,C178,P301,Home,4,13260,Credit Card,Chennai
1045,2025-01-26,C150,P103,Electronics,3,11676,Credit Card,Bangalore
1046,2025-02-28,C187,P201,Fashion,4,8458,COD,Hyderabad
1047,2025-01-18,C233,P301,Home,5,17602,COD,Delhi
1048,2025-01-16,C070,P102,Electronics,4,11331,Credit Card,Hyderabad
1049,2025-02-18,C174,P301,Home,2,8255,COD,Chennai
1050,2025-01-11,C049,P402,Beauty,1,12541,Debit Card,Bangalore
1051,2025-02-21,C190,P401,Beauty,4,14023,Credit Card,Bangalore
1052,2025-03-01,C265,P301,Home,5,6934,UPI,Pune
1053,2025-01-05,C064,P202,Fashion,5,13447,Credit Card,Bangalore
1054,2025-01-30,C196,P501,Sports,1,6554,Debit Card,Mumbai
1055,2025-01-21,C015,P201,Fashion,4,3773,COD,Bangalore
1056,2025-01-21,C222,P502,Sports,3,9976,Credit Card,Pune
1057,2025-01-26,C085,P502,Sports,4,18495,Credit Card,Mumbai
1058,2025-01-03,C084,P301,Home,1,12722,UPI,Bangalore
1059,2025-02-11,C002,P501,Sports,5,6181,UPI,Hyderabad
1060,2025-01-15,C055,P502,Sports,5,7280,Debit Card,Chennai
1061,2025-02-25,C234,P201,Fashion,3,6627,Credit Card,Mumbai
1062,2025-02-03,C001,P401,Beauty,1,11513,Debit Card,Pune
1063,2025-01-03,C292,P502,Sports,5,5941,COD,Bangalore
1064,2025-02-21,C093,P302,Home,5,16234,UPI,Kolkata
1065,2025-03-01,C277,P102,Electronics,2,7663,Debit Card,Bangalore
1066,2025-02-15,C256,P202,Fashion,4,12674,COD,Kolkata
1067,2025-02-10,C085,P302,Home,3,8254,COD,Mumbai
1068,2025-01-17,C223,P203,Fashion,2,5172,UPI,Pune
1069,2025-01-17,C060,P301,Home,5,11581,UPI,Pune
1070,2025-02-11,C190,P501,Sports,5,19532,UPI,Bangalore
1071,2025-01-05,C298,P502,Sports,4,9405,Credit Card,Hyderabad
1072,2025-01-23,C073,P501,Sports,1,4764,Debit Card,Chennai
1073,2025-01-15,C187,P402,Beauty,3,3992,UPI,Delhi
1074,2025-01-21,C235,P402,Beauty,3,12398,COD,Delhi
1075,2025-01-16,C171,P502,Sports,3,18765,UPI,Chennai
1076,2025-01-30,C170,P201,Fashion,2,15468,Credit Card,Mumbai
1077,2025-01-20,C247,P302,Home,3,19047,Debit Card,Hyderabad
1078,2025-02-24,C089,P502,Sports,2,1805,Credit Card,Bangalore
1079,2025-02-03,C180,P502,Sports,2,2013,UPI,Pune
1080,2025-01-19,C160,P101,Electronics,4,14911,COD,Kolkata
1081,2025-01-07,C170,P501,Sports,2,1791,Debit Card,Hyderabad
1082,2025-01-29,C002,P201,Fashion,4,1219,UPI,Chennai
1083,2025-02-10,C114,P201,Fashion,2,15616,COD,Hyderabad
1084,2025-02-15,C215,P101,Electronics,3,8546,UPI,Hyderabad
1085,2025-02-04,C019,P301,Home,1,3387,Debit Card,Chennai
1086,2025-02-20,C262,P301,Home,4,11326,COD,Kolkata
1087,2025-01-22,C166,P501,Sports,3,8029,Credit Card,Pune
1088,2025-01-17,C043,P401,Beauty,5,4281,Debit Card,Pune
1089,2025-02-20,C161,P501,Sports,1,19071,Credit Card,Hyderabad
1090,2025-01-05,C054,P401,Beauty,3,12889,COD,Delhi
1091,2025-02-15,C201,P203,Fashion,1,4452,COD,Delhi
1092,2025-01-12,C040,P302,Home,2,15712,COD,Chennai
1093,2025-02-16,C198,P202,Fashion,4,11127,Credit Card,Kolkata
1094,2025-02-28,C011,P201,Fashion,1,15199,Credit Card,Hyderabad
1095,2025-01-10,C230,P103,Electronics,3,9834,COD,Hyderabad
1096,2025-02-05,C009,P202,Fashion,5,2691,Credit Card,Hyderabad
1097,2025-01-30,C151,P401,Beauty,2,8098,UPI,Kolkata
1098,2025-02-27,C203,P502,Sports,1,19891,Credit Card,Hyderabad
1099,2025-01-09,C273,P302,Home,4,7764,COD,Mumbai
1100,2025-02-17,C283,P103,Electronics,1,9537,Debit Card,Kolkata
1101,2025-01-22,C298,P501,Sports,3,19904,UPI,Chennai
1102,2025-01-17,C227,P102,Electronics,4,2066,Debit Card,Mumbai
1103,2025-02-19,C168,P103,Electronics,3,13378,COD,Hyderabad
1104,2025-01-02,C204,P102,Electronics,3,17748,COD,Delhi
1105,2025-01-22,C277,P402,Beauty,5,5796,Credit Card,Kolkata
1106,2025-02-11,C048,P501,Sports,1,1985,Debit Card,Chennai
1107,2025-02-09,C220,P201,Fashion,4,8183,Debit Card,Chennai
1108,2025-01-17,C040,P402,Beauty,2,3383,COD,Hyderabad
1109,2025-02-17,C195,P101,Electronics,4,13416,UPI,Hyderabad
1110,2025-01-20,C059,P301,Home,5,18964,UPI,Mumbai
1111,2025-01-05,C195,P402,Beauty,1,5606,Debit Card,Chennai
1112,2025-01-21,C200,P202,Fashion,2,19581,Debit Card,Kolkata
1113,2025-01-14,C112,P401,Beauty,1,698,Credit Card,Kolkata
1114,2025-01-30,C072,P301,Home,4,5527,Credit Card,Chennai
1115,2025-01-03,C190,P301,Home,3,16457,Credit Card,Chennai
1116,2025-02-21,C172,P102,Electronics,4,19066,COD,Hyderabad
1117,2025-01-21,C005,P202,Fashion,5,7417,Debit Card,Mumbai
1118,2025-01-12,C256,P201,Fashion,4,15209,Credit Card,Hyderabad
1119,2025-02-18,C055,P102,Electronics,4,1723,UPI,Kolkata
1120,2025-02-25,C048,P202,Fashion,2,10222,UPI,Mumbai
1121,2025-01-13,C104,P103,Electronics,1,4512,COD,Hyderabad
1122,2025-03-01,C237,P302,Home,1,5142,COD,Chennai
1123,2025-02-23,C048,P302,Home,4,6032,Debit Card,Chennai
1124,2025-02-09,C177,P401,Beauty,3,19656,UPI,Bangalore
1125,2025-01-13,C172,P402,Beauty,3,5404,Credit Card,Mumbai
1126,2025-02-13,C277,P103,Electronics,4,12278,Credit Card,Pune
1127,2025-02-22,C215,P103,Electronics,2,8857,COD,Bangalore
1128,2025-01-22,C125,P502,Sports,2,3427,UPI,Hyderabad
1129,2025-02-12,C010,P401,Beauty,3,18273,COD,Mumbai
1130,2025-02-24,C066,P502,Sports,1,3755,Credit Card,Kolkata
1131,2025-02-02,C223,P103,Electronics,4,16692,Credit Card,Bangalore
1132,2025-01-31,C168,P302,Home,1,17786,Credit Card,Pune
1133,2025-01-07,C068,P101,Electronics,1,17024,COD,Kolkata
1134,2025-01-11,C274,P501,Sports,1,3423,UPI,Pune
1135,2025-01-18,C038,P402,Beauty,1,3236,Credit Card,Delhi
1136,2025-02-23,C208,P302,Home,2,18124,Credit Card,Kolkata
1137,2025-01-03,C186,P202,Fashion,4,4667,Credit Card,Kolkata
1138,2025-02-27,C160,P102,Electronics,2,14566,Credit Card,Kolkata
1139,2025-01-06,C277,P203,Fashion,4,4081,Debit Card,Bangalore
1140,2025-02-08,C034,P501,Sports,3,9786,COD,Bangalore
1141,2025-01-27,C095,P402,Beauty,4,15565,COD,Pune
1142,2025-01-09,C023,P401,Beauty,4,16102,COD,Bangalore
1143,2025-01-10,C191,P301,Home,1,14253,Credit Card,Hyderabad
1144,2025-01-12,C074,P502,Sports,1,2295,UPI,Delhi
1145,2025-01-14,C098,P202,Fashion,5,13458,Debit Card,Kolkata
1146,2025-02-08,C025,P502,Sports,4,12684,COD,Pune
1147,2025-02-07,C166,P102,Electronics,5,1669,Debit Card,Chennai
1148,2025-01-29,C023,P502,Sports,4,11953,Debit Card,Mumbai
1149,2025-01-12,C078,P502,Sports,2,17470,UPI,Bangalore
1150,2025-01-28,C200,P302,Home,3,3297,Debit Card,Pune
1151,2025-01-18,C260,P401,Beauty,3,2073,COD,Kolkata
1152,2025-03-01,C020,P501,Sports,5,4957,Credit Card,Delhi
1153,2025-01-01,C297,P302,Home,1,4906,COD,Bangalore
1154,2025-01-02,C080,P202,Fashion,4,10491,Credit Card,Pune
1155,2025-03-02,C019,P201,Fashion,4,15343,Credit Card,Bangalore
1156,2025-02-22,C163,P103,Electronics,5,4255,UPI,Pune
1157,2025-02-01,C029,P301,Home,3,16958,COD,Chennai
1158,2025-01-10,C119,P203,Fashion,3,979,Debit Card,Kolkata
1159,2025-01-09,C139,P502,Sports,5,14773,COD,Hyderabad
1160,2025-01-09,C044,P402,Beauty,3,14561,Debit Card,Hyderabad
1161,2025-01-15,C253,P301,Home,3,5672,Credit Card,Hyderabad
1162,2025-01-31,C118,P203,Fashion,2,12564,Debit Card,Mumbai
1163,2025-02-20,C189,P502,Sports,1,6600,Debit Card,Kolkata
1164,2025-02-15,C090,P401,Beauty,1,3035,Credit Card,Delhi
1165,2025-02-28,C030,P103,Electronics,5,12804,COD,Hyderabad
1166,2025-01-09,C081,P501,Sports,1,15240,Credit Card,Mumbai
1167,2025-01-18,C131,P501,Sports,3,5094,Debit Card,Hyderabad
1168,2025-01-09,C153,P401,Beauty,3,2047,Debit Card,Chennai
1169,2025-01-26,C125,P101,Electronics,1,14503,Credit Card,Delhi
1170,2025-02-03,C105,P302,Home,3,15344,Debit Card,Chennai
1171,2025-01-23,C207,P103,Electronics,5,8577,UPI,Pune
1172,2025-02-17,C093,P102,Electronics,5,19455,UPI,Kolkata
1173,2025-01-02,C228,P401,Beauty,4,9596,UPI,Kolkata
1174,2025-01-02,C146,P202,Fashion,1,4599,COD,Pune
1175,2025-02-17,C185,P302,Home,3,11388,COD,Mumbai
1176,2025-01-25,C178,P501,Sports,5,5732,Credit Card,Mumbai
1177,2025-02-10,C140,P103,Electronics,1,3985,COD,Mumbai
1178,2025-01-10,C253,P502,Sports,3,17509,COD,Delhi
1179,2025-01-03,C115,P202,Fashion,5,10572,COD,Hyderabad
1180,2025-01-31,C170,P501,Sports,2,16661,Debit Card,Chennai
1181,2025-02-25,C191,P203,Fashion,3,10903,Debit Card,Chennai
1182,2025-01-08,C197,P402,Beauty,5,1087,UPI,Chennai
1183,2025-02-03,C238,P302,Home,5,9205,COD,Pune
1184,2025-01-10,C251,P302,Home,1,5275,Debit Card,Chennai
1185,2025-02-19,C112,P501,Sports,3,14789,COD,Mumbai
1186,2025-02-25,C060,P102,Electronics,5,15761,UPI,Kolkata
1187,2025-02-28,C240,P101,Electronics,4,14315,Debit Card,Kolkata
1188,2025-02-09,C055,P401,Beauty,2,10636,COD,Bangalore
1189,2025-01-26,C250,P401,Beauty,2,9760,UPI,Bangalore
1190,2025-03-01,C153,P302,Home,3,15722,COD,Kolkata
1191,2025-01-29,C029,P302,Home,4,7133,COD,Bangalore
1192,2025-02-20,C009,P502,Sports,1,15329,COD,Chennai
1193,2025-02-16,C205,P501,Sports,4,12021,COD,Chennai
1194,2025-02-27,C208,P201,Fashion,5,9838,COD,Kolkata
1195,2025-02-22,C296,P301,Home,3,16738,COD,Chennai
1196,2025-02-06,C267,P203,Fashion,2,2789,COD,Chennai
1197,2025-01-02,C064,P302,Home,4,6526,COD,Pune
1198,2025-02-28,C093,P402,Beauty,4,18607,Credit Card,Kolkata
1199,2025-01-18,C142,P301,Home,2,14794,UPI,Delhi
1200,2025-02-09,C060,P502,Sports,4,11742,UPI,Bangalore
1201,2025-02-15,C138,P202,Fashion,2,8615,UPI,Pune
1202,2025-01-16,C040,P502,Sports,2,15360,Credit Card,Chennai
1203,2025-01-29,C269,P302,Home,5,3750,COD,Hyderabad
1204,2025-02-17,C279,P302,Home,4,10971,Debit Card,Hyderabad
1205,2025-02-22,C153,P103,Electronics,5,728,Credit Card,Mumbai
1206,2025-02-15,C092,P402,Beauty,4,7592,Debit Card,Bangalore
1207,2025-01-23,C270,P501,Sports,4,10428,UPI,Bangalore
1208,2025-01-05,C258,P301,Home,2,1333,COD,Chennai
1209,2025-02-05,C038,P501,Sports,2,13980,COD,Hyderabad
1210,2025-02-14,C271,P401,Beauty,2,10830,Debit Card,Mumbai
1211,2025-01-21,C239,P301,Home,1,9133,Debit Card,Hyderabad
1212,2025-02-17,C011,P502,Sports,1,11082,Credit Card,Chennai
1213,2025-01-15,C218,P401,Beauty,5,1629,UPI,Bangalore
1214,2025-01-25,C139,P203,Fashion,3,15569,COD,Mumbai
1215,2025-01-26,C090,P501,Sports,4,18820,COD,Mumbai
1216,2025-02-01,C009,P301,Home,4,19559,Credit Card,Pune
1217,2025-01-18,C152,P502,Sports,2,5622,Debit Card,Bangalore
1218,2025-02-15,C113,P501,Sports,4,14234,Debit Card,Chennai
1219,2025-02-13,C242,P301,Home,3,18470,Credit Card,Delhi
1220,2025-02-24,C042,P101,Electronics,3,17739,COD,Hyderabad
1221,2025-01-02,C069,P202,Fashion,1,17820,UPI,Kolkata
1222,2025-01-23,C300,P201,Fashion,4,2903,Credit Card,Hyderabad
1223,2025-01-31,C093,P502,Sports,4,3948,Debit Card,Mumbai
1224,2025-03-01,C123,P103,Electronics,5,10434,Debit Card,Hyderabad
1225,2025-02-24,C293,P402,Beauty,1,15403,UPI,Hyderabad
1226,2025-01-13,C010,P502,Sports,1,1857,COD,Bangalore
1227,2025-02-16,C085,P101,Electronics,1,2558,Credit Card,Hyderabad
1228,2025-01-16,C051,P301,Home,5,10580,Credit Card,Delhi
1229,2025-02-15,C024,P501,Sports,5,8653,COD,Chennai
1230,2025-02-09,C169,P101,Electronics,4,3492,Credit Card,Mumbai
1231,2025-02-27,C092,P302,Home,2,5527,Credit Card,Delhi
1232,2025-01-01,C255,P302,Home,2,14342,UPI,Pune
1233,2025-01-17,C004,P301,Home,1,9624,Debit Card,Bangalore
1234,2025-01-10,C123,P402,Beauty,5,13209,Debit Card,Mumbai
1235,2025-01-08,C075,P302,Home,5,19404,Debit Card,Pune
1236,2025-01-02,C273,P501,Sports,5,5082,Debit Card,Delhi
1237,2025-02-16,C119,P302,Home,1,14406,UPI,Mumbai
1238,2025-01-15,C105,P302,Home,4,18918,UPI,Mumbai
1239,2025-01-25,C210,P302,Home,1,4371,COD,Kolkata
1240,2025-01-25,C288,P401,Beauty,5,3911,Credit Card,Hyderabad
1241,2025-01-02,C001,P401,Beauty,4,13259,Credit Card,Kolkata
1242,2025-02-27,C082,P301,Home,5,11327,Debit Card,Pune
1243,2025-01-22,C239,P502,Sports,5,16667,UPI,Delhi
1244,2025-01-31,C142,P202,Fashion,3,13653,Credit Card,Bangalore
1245,2025-02-16,C278,P501,Sports,1,2997,Debit Card,Chennai
1246,2025-01-15,C271,P101,Electronics,1,18129,COD,Delhi
1247,2025-02-19,C024,P501,Sports,3,15366,Debit Card,Bangalore
1248,2025-02-23,C054,P401,Beauty,5,5303,COD,Bangalore
1249,2025-02-04,C166,P101,Electronics,2,1699,Credit Card,Delhi
1250,2025-02-16,C080,P502,Sports,3,6407,COD,Chennai
1251,2025-03-02,C244,P101,Electronics,2,14988,COD,Delhi
1252,2025-02-19,C028,P203,Fashion,5,13690,Debit Card,Mumbai
1253,2025-01-11,C115,P401,Beauty,1,19338,Credit Card,Bangalore
1254,2025-02-06,C200,P502,Sports,4,1722,Credit Card,Chennai
1255,2025-02-16,C073,P401,Beauty,2,13056,Credit Card,Kolkata
1256,2025-01-29,C019,P202,Fashion,2,4962,COD,Pune
1257,2025-01-26,C087,P302,Home,2,13318,Debit Card,Kolkata
1258,2025-01-27,C024,P201,Fashion,2,2413,UPI,Kolkata
1259,2025-01-27,C285,P102,Electronics,5,8995,Credit Card,Mumbai
1260,2025-01-04,C105,P502,Sports,2,15558,UPI,Delhi
1261,2025-02-08,C001,P102,Electronics,1,3224,COD,Pune
1262,2025-02-24,C117,P202,Fashion,5,14760,UPI,Pune
1263,2025-01-23,C214,P102,Electronics,3,4934,Credit Card,Delhi
1264,2025-01-25,C132,P402,Beauty,2,8255,COD,Kolkata
1265,2025-02-26,C045,P401,Beauty,5,1623,COD,Mumbai
1266,2025-02-22,C102,P501,Sports,5,5289,COD,Pune
1267,2025-02-08,C007,P201,Fashion,4,17358,Credit Card,Chennai
1268,2025-01-31,C019,P502,Sports,4,12230,UPI,Bangalore
1269,2025-01-30,C083,P402,Beauty,2,17140,COD,Hyderabad
1270,2025-02-07,C286,P501,Sports,5,7262,Debit Card,Delhi
1271,2025-01-17,C186,P101,Electronics,5,18245,Debit Card,Mumbai
1272,2025-02-05,C210,P501,Sports,3,8593,UPI,Pune
1273,2025-02-11,C143,P302,Home,4,5387,UPI,Kolkata
1274,2025-01-08,C290,P302,Home,5,10666,COD,Bangalore
1275,2025-02-02,C031,P201,Fashion,3,11371,Debit Card,Chennai
1276,2025-02-15,C057,P203,Fashion,2,9392,COD,Delhi
1277,2025-03-02,C092,P102,Electronics,3,2150,Debit Card,Mumbai
1278,2025-02-26,C282,P502,Sports,4,14536,UPI,Chennai
1279,2025-01-21,C167,P301,Home,4,3816,Debit Card,Mumbai
1280,2025-02-20,C063,P502,Sports,1,17819,Debit Card,Delhi
1281,2025-01-01,C224,P401,Beauty,5,17213,COD,Pune
1282,2025-02-19,C194,P201,Fashion,1,11352,Credit Card,Bangalore
1283,2025-01-30,C204,P202,Fashion,5,11465,COD,Kolkata
1284,2025-02-12,C199,P301,Home,4,7126,Debit Card,Pune
1285,2025-02-05,C060,P203,Fashion,2,2882,UPI,Delhi
1286,2025-01-23,C298,P302,Home,2,17539,COD,Mumbai
1287,2025-02-02,C202,P501,Sports,2,16942,Debit Card,Mumbai
1288,2025-02-09,C254,P101,Electronics,5,6108,COD,Bangalore
1289,2025-02-05,C020,P501,Sports,4,17823,UPI,Pune
1290,2025-02-10,C192,P202,Fashion,5,17804,UPI,Bangalore
1291,2025-01-15,C103,P202,Fashion,5,14132,Credit Card,Mumbai
1292,2025-01-20,C290,P201,Fashion,3,15955,Credit Card,Bangalore
1293,2025-01-22,C207,P501,Sports,3,13726,Credit Card,Mumbai
1294,2025-01-15,C053,P103,Electronics,1,17578,Debit Card,Pune
1295,2025-02-05,C002,P203,Fashion,5,17936,Credit Card,Kolkata
1296,2025-02-19,C148,P401,Beauty,5,6428,UPI,Chennai
1297,2025-01-30,C131,P402,Beauty,3,11005,Debit Card,Chennai
1298,2025-01-26,C025,P402,Beauty,5,10576,COD,Bangalore
1299,2025-01-22,C245,P402,Beauty,5,4982,COD,Chennai
1300,2025-02-25,C077,P103,Electronics,1,748,UPI,Bangalore
1301,2025-02-12,C166,P502,Sports,1,16643,Credit Card,Bangalore
1302,2025-01-31,C170,P501,Sports,4,9144,Credit Card,Mumbai
1303,2025-02-10,C059,P101,Electronics,5,2786,Credit Card,Kolkata
1304,2025-01-20,C159,P502,Sports,5,12821,Debit Card,Kolkata
1305,2025-02-13,C176,P401,Beauty,1,13471,UPI,Mumbai
1306,2025-01-05,C256,P302,Home,2,17587,COD,Bangalore
1307,2025-02-03,C031,P301,Home,4,15276,UPI,Kolkata
1308,2025-01-16,C217,P203,Fashion,3,6631,Debit Card,Mumbai
1309,2025-01-18,C265,P101,Electronics,4,17681,Credit Card,Mumbai
1310,2025-02-04,C227,P502,Sports,2,8977,COD,Kolkata
1311,2025-02-23,C107,P402,Beauty,5,12656,Debit Card,Hyderabad
1312,2025-01-12,C160,P101,Electronics,5,15396,Debit Card,Kolkata
1313,2025-02-04,C238,P101,Electronics,4,15807,Debit Card,Delhi
1314,2025-02-08,C086,P501,Sports,4,8788,COD,Chennai
1315,2025-02-18,C144,P103,Electronics,1,6639,UPI,Hyderabad
1316,2025-01-07,C232,P501,Sports,5,11718,UPI,Mumbai
1317,2025-02-21,C141,P301,Home,4,11388,COD,Hyderabad
1318,2025-01-25,C079,P101,Electronics,1,13875,UPI,Kolkata
1319,2025-01-01,C152,P401,Beauty,4,2613,Debit Card,Pune
1320,2025-01-29,C020,P502,Sports,4,11157,Credit Card,Bangalore
1321,2025-01-18,C243,P103,Electronics,3,16092,COD,Chennai
1322,2025-02-11,C182,P301,Home,3,13088,UPI,Kolkata
1323,2025-01-24,C014,P501,Sports,3,18697,Debit Card,Mumbai
1324,2025-02-07,C135,P203,Fashion,1,6168,Credit Card,Kolkata
1325,2025-01-29,C277,P203,Fashion,5,5601,Credit Card,Mumbai
1326,2025-01-23,C134,P102,Electronics,2,18926,COD,Mumbai
1327,2025-01-06,C295,P301,Home,5,14342,COD,Chennai
1328,2025-02-25,C114,P301,Home,1,832,COD,Delhi
1329,2025-02-22,C014,P102,Electronics,3,599,Credit Card,Pune
1330,2025-01-31,C143,P203,Fashion,1,6128,Credit Card,Chennai
1331,2025-01-06,C193,P201,Fashion,5,8466,Credit Card,Chennai
1332,2025-01-18,C238,P502,Sports,5,11114,COD,Chennai
1333,2025-02-04,C273,P302,Home,1,18921,Credit Card,Pune
1334,2025-01-14,C147,P501,Sports,5,5433,Credit Card,Chennai
1335,2025-01-14,C210,P202,Fashion,4,17596,COD,Kolkata
1336,2025-01-16,C144,P402,Beauty,3,3424,COD,Kolkata
1337,2025-01-31,C232,P401,Beauty,5,1940,COD,Hyderabad
1338,2025-02-04,C153,P402,Beauty,4,9873,COD,Mumbai
1339,2025-01-18,C095,P502,Sports,4,15148,Debit Card,Mumbai
1340,2025-02-22,C120,P103,Electronics,5,4059,UPI,Pune
1341,2025-02-11,C290,P402,Beauty,2,10307,Credit Card,Chennai
1342,2025-01-06,C208,P203,Fashion,2,4362,Credit Card,Pune
1343,2025-02-01,C051,P201,Fashion,1,5887,Debit Card,Bangalore
1344,2025-01-05,C071,P401,Beauty,3,7600,UPI,Bangalore
1345,2025-02-16,C211,P401,Beauty,3,13170,Debit Card,Hyderabad
1346,2025-01-18,C224,P102,Electronics,2,3486,Debit Card,Hyderabad
1347,2025-01-20,C253,P301,Home,2,12086,UPI,Hyderabad
1348,2025-02-10,C006,P502,Sports,2,4598,Credit Card,Mumbai
1349,2025-01-12,C287,P202,Fashion,1,12267,Debit Card,Pune
1350,2025-02-25,C124,P401,Beauty,4,17478,UPI,Pune
1351,2025-02-28,C134,P103,Electronics,5,13780,Credit Card,Mumbai
1352,2025-01-16,C046,P502,Sports,4,18132,UPI,Chennai
1353,2025-01-20,C288,P102,Electronics,5,1343,Credit Card,Hyderabad
1354,2025-01-18,C194,P502,Sports,3,5540,UPI,Delhi
1355,2025-01-01,C194,P301,Home,3,18066,Credit Card,Delhi
1356,2025-01-23,C275,P203,Fashion,3,7058,COD,Mumbai
1357,2025-02-12,C174,P401,Beauty,2,13422,Debit Card,Pune
1358,2025-01-18,C114,P502,Sports,4,11584,UPI,Hyderabad
1359,2025-01-28,C172,P102,Electronics,4,19766,Debit Card,Kolkata
1360,2025-01-21,C122,P202,Fashion,4,15989,Debit Card,Hyderabad
1361,2025-01-05,C184,P402,Beauty,4,11332,UPI,Hyderabad
1362,2025-01-16,C130,P101,Electronics,1,5776,UPI,Hyderabad
1363,2025-02-11,C216,P302,Home,4,17933,Debit Card,Mumbai
1364,2025-02-20,C152,P401,Beauty,4,14114,UPI,Hyderabad
1365,2025-01-09,C123,P101,Electronics,4,10209,UPI,Kolkata
1366,2025-02-25,C183,P402,Beauty,5,677,COD,Kolkata
1367,2025-02-08,C216,P301,Home,5,17068,Debit Card,Mumbai
1368,2025-02-18,C253,P302,Home,5,5970,UPI,Chennai
1369,2025-01-19,C035,P301,Home,2,5657,COD,Mumbai
1370,2025-02-07,C234,P301,Home,1,3188,UPI,Chennai
1371,2025-01-12,C257,P201,Fashion,1,15560,Credit Card,Mumbai
1372,2025-01-24,C072,P103,Electronics,2,5219,COD,Mumbai
1373,2025-02-28,C204,P203,Fashion,4,15136,Debit Card,Delhi
1374,2025-01-23,C186,P302,Home,1,11170,COD,Kolkata
1375,2025-01-26,C041,P302,Home,4,782,Debit Card,Kolkata
1376,2025-02-18,C024,P402,Beauty,1,1132,Credit Card,Delhi
1377,2025-02-21,C073,P301,Home,1,985,Credit Card,Chennai
1378,2025-02-06,C104,P301,Home,3,16241,Debit Card,Kolkata
1379,2025-02-24,C098,P502,Sports,5,8953,COD,Chennai
1380,2025-02-04,C136,P402,Beauty,5,11301,Debit Card,Pune
1381,2025-01-26,C107,P401,Beauty,3,518,Debit Card,Chennai
1382,2025-01-14,C300,P301,Home,5,6355,Debit Card,Kolkata
1383,2025-01-21,C117,P302,Home,5,16333,Credit Card,Pune
1384,2025-01-14,C269,P501,Sports,4,17987,UPI,Bangalore
1385,2025-01-06,C127,P201,Fashion,4,19922,Debit Card,Delhi
1386,2025-02-05,C079,P402,Beauty,2,14142,Credit Card,Kolkata
1387,2025-01-27,C154,P101,Electronics,1,2358,Debit Card,Pune
1388,2025-01-14,C255,P103,Electronics,2,11638,UPI,Delhi
1389,2025-02-23,C158,P502,Sports,5,17147,COD,Bangalore
1390,2025-02-24,C197,P502,Sports,5,17087,Debit Card,Pune
1391,2025-02-19,C017,P202,Fashion,3,15495,Debit Card,Bangalore
1392,2025-01-22,C186,P201,Fashion,3,9512,COD,Mumbai
1393,2025-02-02,C193,P402,Beauty,4,16318,Debit Card,Delhi
1394,2025-02-20,C071,P203,Fashion,5,19159,COD,Mumbai
1395,2025-01-03,C279,P202,Fashion,1,1647,Credit Card,Chennai
1396,2025-01-12,C149,P302,Home,4,1918,UPI,Hyderabad
1397,2025-02-10,C218,P502,Sports,1,11442,Credit Card,Chennai
1398,2025-01-14,C103,P301,Home,3,14311,Credit Card,Bangalore
1399,2025-02-27,C122,P103,Electronics,5,3834,COD,Kolkata
1400,2025-02-11,C220,P301,Home,4,6704,Debit Card,Pune
1401,2025-03-02,C261,P402,Beauty,5,15940,Credit Card,Kolkata
1402,2025-01-09,C099,P201,Fashion,1,10536,Credit Card,Bangalore
1403,2025-03-01,C088,P501,Sports,2,12891,COD,Delhi
1404,2025-02-15,C210,P103,Electronics,2,14936,COD,Kolkata
1405,2025-02-03,C104,P301,Home,3,2566,Debit Card,Chennai
1406,2025-02-20,C289,P502,Sports,4,7156,Credit Card,Hyderabad
1407,2025-02-25,C035,P301,Home,3,941,UPI,Kolkata
1408,2025-01-06,C206,P201,Fashion,3,8429,Debit Card,Kolkata
1409,2025-01-21,C164,P101,Electronics,4,15528,COD,Delhi
1410,2025-02-01,C105,P102,Electronics,5,19169,UPI,Pune
1411,2025-02-14,C227,P102,Electronics,1,9158,COD,Pune
1412,2025-02-17,C240,P203,Fashion,3,1371,Debit Card,Chennai
1413,2025-02-21,C152,P401,Beauty,3,18346,Debit Card,Delhi
1414,2025-01-31,C140,P301,Home,4,15473,COD,Bangalore
1415,2025-02-22,C063,P203,Fashion,3,19415,Debit Card,Kolkata
1416,2025-02-10,C122,P102,Electronics,3,1660,Debit Card,Pune
1417,2025-01-18,C158,P301,Home,5,13633,COD,Chennai
1418,2025-02-23,C122,P202,Fashion,4,9136,Debit Card,Chennai
1419,2025-01-29,C233,P301,Home,3,16973,UPI,Kolkata
1420,2025-02-25,C082,P302,Home,2,11647,Debit Card,Bangalore
1421,2025-01-16,C014,P502,Sports,2,6904,Debit Card,Bangalore
1422,2025-03-02,C198,P102,Electronics,3,13018,Credit Card,Pune
1423,2025-01-08,C108,P103,Electronics,2,10779,UPI,Kolkata
1424,2025-02-01,C065,P101,Electronics,4,13244,UPI,Delhi
1425,2025-01-07,C167,P201,Fashion,5,12553,Debit Card,Hyderabad
1426,2025-02-28,C146,P103,Electronics,2,5052,UPI,Delhi
1427,2025-02-23,C246,P201,Fashion,5,17754,Credit Card,Pune
1428,2025-02-20,C240,P103,Electronics,3,15700,COD,Pune
1429,2025-01-26,C085,P302,Home,2,9349,UPI,Bangalore
1430,2025-02-16,C170,P401,Beauty,1,2195,UPI,Delhi
1431,2025-02-25,C185,P101,Electronics,3,639,UPI,Mumbai
1432,2025-03-02,C158,P202,Fashion,4,1288,Credit Card,Pune
1433,2025-01-24,C079,P202,Fashion,1,2473,Debit Card,Bangalore
1434,2025-02-09,C179,P402,Beauty,4,16049,COD,Mumbai
1435,2025-01-03,C194,P103,Electronics,5,7392,Credit Card,Delhi
1436,2025-02-09,C162,P203,Fashion,3,10800,UPI,Hyderabad
1437,2025-01-13,C224,P301,Home,5,10872,UPI,Delhi
1438,2025-01-20,C263,P501,Sports,2,10008,COD,Bangalore
1439,2025-02-12,C200,P402,Beauty,1,4790,Debit Card,Delhi
1440,2025-01-24,C069,P202,Fashion,2,2652,Credit Card,Kolkata
1441,2025-02-05,C067,P301,Home,4,9889,Credit Card,Pune
1442,2025-01-07,C033,P103,Electronics,4,748,Credit Card,Mumbai
1443,2025-02-26,C117,P401,Beauty,2,7730,UPI,Bangalore
1444,2025-02-26,C044,P402,Beauty,3,1294,UPI,Kolkata
1445,2025-02-19,C107,P302,Home,4,7048,Debit Card,Bangalore
1446,2025-02-09,C118,P402,Beauty,3,9679,COD,Delhi
1447,2025-01-14,C290,P103,Electronics,5,2518,Credit Card,Kolkata
1448,2025-02-25,C022,P502,Sports,1,6438,Debit Card,Delhi
1449,2025-02-21,C114,P102,Electronics,3,13999,Debit Card,Bangalore
1450,2025-01-22,C110,P202,Fashion,4,18548,UPI,Kolkata
1451,2025-01-16,C269,P401,Beauty,4,15227,Credit Card,Chennai
1452,2025-01-08,C268,P302,Home,3,12519,Credit Card,Pune
1453,2025-01-20,C167,P101,Electronics,2,11383,COD,Hyderabad
1454,2025-02-19,C284,P401,Beauty,1,16199,UPI,Delhi
1455,2025-02-20,C059,P402,Beauty,2,19706,UPI,Mumbai
1456,2025-02-22,C214,P502,Sports,5,1421,UPI,Chennai
1457,2025-01-13,C224,P203,Fashion,2,9303,UPI,Pune
1458,2025-02-23,C091,P402,Beauty,2,16653,UPI,Chennai
1459,2025-01-06,C165,P101,Electronics,3,9160,COD,Bangalore
1460,2025-01-10,C139,P401,Beauty,5,14667,COD,Mumbai
1461,2025-02-08,C008,P202,Fashion,2,4796,Credit Card,Chennai
1462,2025-01-31,C076,P101,Electronics,2,11311,Credit Card,Hyderabad
1463,2025-01-06,C051,P501,Sports,3,9727,COD,Delhi
1464,2025-01-14,C009,P201,Fashion,5,15380,Credit Card,Delhi
1465,2025-01-15,C192,P302,Home,2,2502,Credit Card,Hyderabad
1466,2025-01-10,C227,P501,Sports,3,12670,Debit Card,Chennai
1467,2025-01-03,C173,P102,Electronics,2,3678,UPI,Delhi
1468,2025-01-02,C174,P302,Home,5,8497,Credit Card,Delhi
1469,2025-02-10,C289,P501,Sports,2,12042,Credit Card,Chennai
1470,2025-01-27,C218,P302,Home,5,10204,Credit Card,Bangalore
1471,2025-03-02,C073,P502,Sports,4,14853,Debit Card,Chennai
1472,2025-02-21,C062,P103,Electronics,3,15448,COD,Delhi
1473,2025-02-04,C120,P401,Beauty,2,15657,Debit Card,Hyderabad
1474,2025-02-02,C222,P302,Home,5,8618,COD,Bangalore
1475,2025-02-02,C266,P202,Fashion,5,653,Credit Card,Delhi
1476,2025-01-08,C291,P401,Beauty,5,4917,Credit Card,Pune
1477,2025-02-06,C028,P501,Sports,4,2803,COD,Mumbai
1478,2025-03-01,C216,P202,Fashion,2,5101,UPI,Bangalore
1479,2025-01-20,C015,P401,Beauty,4,8797,Debit Card,Delhi
1480,2025-02-14,C237,P302,Home,4,19777,Credit Card,Bangalore
1481,2025-01-13,C073,P102,Electronics,3,8821,Debit Card,Delhi
1482,2025-02-03,C084,P102,Electronics,4,11869,COD,Kolkata
1483,2025-02-23,C276,P502,Sports,2,7624,COD,Hyderabad
1484,2025-01-02,C066,P101,Electronics,4,18034,COD,Delhi
1485,2025-01-03,C183,P402,Beauty,3,15985,COD,Delhi
1486,2025-02-12,C219,P203,Fashion,3,10035,Debit Card,Pune
1487,2025-02-10,C062,P502,Sports,2,1350,UPI,Mumbai
1488,2025-02-21,C258,P502,Sports,2,4196,Debit Card,Kolkata
1489,2025-01-04,C296,P103,Electronics,3,14941,Debit Card,Mumbai
1490,2025-01-22,C087,P201,Fashion,4,4200,Credit Card,Kolkata
1491,2025-02-14,C134,P401,Beauty,1,15826,Debit Card,Mumbai
1492,2025-02-24,C203,P401,Beauty,4,16822,Debit Card,Mumbai
1493,2025-02-18,C068,P401,Beauty,3,14223,Credit Card,Kolkata
1494,2025-01-09,C141,P101,Electronics,3,9298,COD,Mumbai
1495,2025-01-22,C284,P302,Home,2,1483,Debit Card,Pune
1496,2025-01-04,C145,P401,Beauty,3,5336,UPI,Hyderabad
1497,2025-01-12,C216,P502,Sports,1,9015,Credit Card,Delhi
1498,2025-01-23,C270,P402,Beauty,1,16967,Debit Card,Delhi
1499,2025-02-23,C287,P301,Home,4,10671,UPI,Mumbai
1500,2025-02-09,C033,P402,Beauty,2,6147,Credit Card,Mumbai
1501,2025-02-08,C180,P201,Fashion,1,19916,Debit Card,Mumbai
1502,2025-02-21,C198,P401,Beauty,5,4672,Debit Card,Chennai
1503,2025-02-20,C019,P502,Sports,5,15015,Credit Card,Hyderabad
1504,2025-01-11,C287,P301,Home,3,7924,UPI,Delhi
1505,2025-02-25,C177,P203,Fashion,3,11822,UPI,Bangalore
1506,2025-01-06,C171,P103,Electronics,4,6462,Debit Card,Kolkata
1507,2025-02-19,C084,P402,Beauty,5,3853,COD,Delhi
1508,2025-02-26,C105,P301,Home,2,18399,COD,Kolkata
1509,2025-02-17,C006,P502,Sports,2,10321,UPI,Kolkata
1510,2025-01-21,C109,P201,Fashion,1,8981,UPI,Kolkata
1511,2025-02-13,C160,P401,Beauty,3,899,COD,Bangalore
1512,2025-02-15,C065,P502,Sports,2,17327,COD,Hyderabad
1513,2025-01-20,C178,P103,Electronics,1,12863,Credit Card,Delhi
1514,2025-01-15,C146,P402,Beauty,1,9865,Credit Card,Kolkata
1515,2025-02-10,C293,P203,Fashion,5,12854,Debit Card,Pune
1516,2025-02-13,C276,P402,Beauty,3,18362,Credit Card,Pune
1517,2025-02-13,C183,P202,Fashion,1,18280,Credit Card,Hyderabad
1518,2025-02-06,C181,P501,Sports,3,1957,Credit Card,Bangalore
1519,2025-01-06,C235,P202,Fashion,5,14592,COD,Pune
1520,2025-02-21,C155,P202,Fashion,4,700,Debit Card,Chennai
1521,2025-03-02,C086,P103,Electronics,3,2973,Credit Card,Hyderabad
1522,2025-01-03,C292,P402,Beauty,4,13961,COD,Kolkata
1523,2025-01-21,C100,P203,Fashion,3,15035,Credit Card,Delhi
1524,2025-01-09,C160,P302,Home,4,700,COD,Kolkata
1525,2025-01-31,C204,P102,Electronics,1,15833,Debit Card,Kolkata
1526,2025-01-08,C175,P301,Home,5,14148,COD,Hyderabad
1527,2025-03-02,C270,P301,Home,3,3832,COD,Pune
1528,2025-01-24,C136,P103,Electronics,3,16663,Credit Card,Kolkata
1529,2025-02-09,C176,P302,Home,5,15557,Debit Card,Hyderabad
1530,2025-02-18,C127,P202,Fashion,4,7253,Credit Card,Chennai
1531,2025-02-03,C109,P101,Electronics,3,12927,Credit Card,Bangalore
1532,2025-02-16,C220,P201,Fashion,1,18927,UPI,Pune
1533,2025-02-19,C295,P101,Electronics,2,1319,COD,Hyderabad
1534,2025-01-07,C100,P103,Electronics,4,14417,Debit Card,Pune
1535,2025-02-16,C022,P201,Fashion,3,3541,Debit Card,Mumbai
1536,2025-01-10,C191,P201,Fashion,3,4906,Credit Card,Chennai
1537,2025-01-12,C261,P401,Beauty,3,7465,Credit Card,Kolkata
1538,2025-01-12,C180,P401,Beauty,3,13881,Credit Card,Chennai
1539,2025-02-03,C164,P501,Sports,3,4434,UPI,Pune
1540,2025-01-11,C084,P102,Electronics,3,8420,Credit Card,Bangalore
1541,2025-01-12,C277,P301,Home,1,13742,COD,Bangalore
1542,2025-01-24,C289,P502,Sports,2,3585,Debit Card,Mumbai
1543,2025-01-17,C087,P203,Fashion,3,15910,UPI,Delhi
1544,2025-02-09,C009,P301,Home,5,9577,UPI,Kolkata
1545,2025-02-03,C211,P201,Fashion,3,15286,Credit Card,Kolkata
1546,2025-01-21,C231,P501,Sports,1,2319,UPI,Kolkata
1547,2025-01-26,C220,P502,Sports,1,13308,UPI,Bangalore
1548,2025-01-22,C156,P401,Beauty,5,2356,UPI,Kolkata
1549,2025-01-25,C008,P301,Home,4,16008,Credit Card,Bangalore
1550,2025-01-15,C064,P201,Fashion,3,11986,UPI,Hyderabad
1551,2025-01-05,C285,P402,Beauty,5,13911,UPI,Mumbai
1552,2025-02-17,C278,P301,Home,1,7206,COD,Kolkata
1553,2025-02-09,C049,P502,Sports,2,12625,COD,Kolkata
1554,2025-02-26,C257,P201,Fashion,4,16274,COD,Pune
1555,2025-01-28,C029,P202,Fashion,1,16741,UPI,Bangalore
1556,2025-01-04,C145,P203,Fashion,4,8804,UPI,Pune
1557,2025-02-07,C230,P301,Home,2,3214,Debit Card,Bangalore
1558,2025-01-22,C065,P203,Fashion,4,11491,COD,Pune
1559,2025-01-20,C116,P502,Sports,4,10474,Debit Card,Delhi
1560,2025-01-16,C116,P501,Sports,5,19045,Credit Card,Hyderabad
1561,2025-02-07,C268,P102,Electronics,3,14860,Debit Card,Chennai
1562,2025-02-08,C222,P501,Sports,3,1695,Credit Card,Hyderabad
1563,2025-02-16,C289,P501,Sports,4,12396,Debit Card,Pune
1564,2025-02-26,C152,P301,Home,4,15650,COD,Pune
1565,2025-02-18,C019,P501,Sports,3,15587,UPI,Hyderabad
1566,2025-02-24,C013,P203,Fashion,1,10482,Credit Card,Delhi
1567,2025-01-03,C196,P202,Fashion,3,12744,Credit Card,Hyderabad
1568,2025-02-17,C166,P402,Beauty,5,15165,Debit Card,Chennai
1569,2025-01-30,C173,P301,Home,5,16923,COD,Kolkata
1570,2025-01-29,C215,P501,Sports,3,9795,UPI,Kolkata
1571,2025-01-20,C123,P501,Sports,3,9420,UPI,Mumbai
1572,2025-01-26,C281,P401,Beauty,1,3046,Debit Card,Kolkata
1573,2025-01-04,C009,P203,Fashion,5,8288,COD,Kolkata
1574,2025-01-05,C018,P302,Home,5,13599,COD,Chennai
1575,2025-01-09,C088,P402,Beauty,4,9223,Debit Card,Bangalore
1576,2025-02-24,C013,P502,Sports,5,12588,UPI,Hyderabad
1577,2025-02-27,C283,P502,Sports,5,7956,Debit Card,Hyderabad
1578,2025-01-06,C135,P103,Electronics,4,14717,UPI,Mumbai
1579,2025-02-20,C250,P302,Home,4,15139,Debit Card,Pune
1580,2025-02-13,C052,P302,Home,4,13930,UPI,Pune
1581,2025-01-08,C124,P502,Sports,4,794,Credit Card,Bangalore
1582,2025-01-14,C039,P103,Electronics,2,10887,Debit Card,Chennai
1583,2025-01-13,C223,P402,Beauty,2,8596,COD,Hyderabad
1584,2025-02-09,C283,P302,Home,3,732,Credit Card,Hyderabad
1585,2025-01-05,C047,P402,Beauty,3,18905,Debit Card,Kolkata
1586,2025-02-05,C006,P501,Sports,5,15549,COD,Pune
1587,2025-01-21,C102,P501,Sports,1,1480,UPI,Kolkata
1588,2025-01-14,C061,P501,Sports,3,9245,Credit Card,Kolkata
1589,2025-02-09,C089,P101,Electronics,4,520,Credit Card,Hyderabad
1590,2025-02-19,C252,P201,Fashion,2,7148,Credit Card,Kolkata
1591,2025-01-14,C110,P402,Beauty,1,11816,COD,Mumbai
1592,2025-01-07,C023,P103,Electronics,2,4444,UPI,Delhi
1593,2025-01-19,C283,P302,Home,5,9952,UPI,Mumbai
1594,2025-02-17,C102,P101,Electronics,5,8304,COD,Pune
1595,2025-02-04,C254,P401,Beauty,1,17831,Credit Card,Delhi
1596,2025-01-17,C277,P102,Electronics,1,9041,Credit Card,Kolkata
1597,2025-01-08,C223,P103,Electronics,1,8616,COD,Delhi
1598,2025-02-12,C180,P402,Beauty,4,7986,Credit Card,Chennai
1599,2025-02-10,C001,P401,Beauty,2,10824,Credit Card,Mumbai
1600,2025-02-17,C231,P301,Home,3,1268,Debit Card,Delhi
1601,2025-01-31,C166,P101,Electronics,3,7981,Debit Card,Bangalore
1602,2025-02-07,C093,P302,Home,4,5922,UPI,Kolkata
1603,2025-01-05,C003,P502,Sports,1,6661,COD,Chennai
1604,2025-02-26,C035,P203,Fashion,1,8554,COD,Delhi
1605,2025-01-12,C121,P402,Beauty,3,16373,UPI,Bangalore
1606,2025-02-11,C089,P101,Electronics,5,18368,COD,Bangalore
1607,2025-01-05,C234,P103,Electronics,3,19845,COD,Chennai
1608,2025-02-11,C011,P302,Home,3,4422,Debit Card,Delhi
1609,2025-02-26,C085,P502,Sports,4,3258,Credit Card,Hyderabad
1610,2025-02-08,C257,P101,Electronics,1,1504,UPI,Delhi
1611,2025-02-04,C251,P502,Sports,5,11035,Credit Card,Pune
1612,2025-01-23,C013,P502,Sports,4,5554,Credit Card,Pune
1613,2025-01-28,C029,P301,Home,5,18863,COD,Mumbai
1614,2025-01-05,C011,P402,Beauty,2,3368,Debit Card,Delhi
1615,2025-02-17,C103,P502,Sports,3,10915,Credit Card,Mumbai
1616,2025-01-02,C006,P401,Beauty,5,784,Credit Card,Pune
1617,2025-01-31,C279,P501,Sports,2,12781,Credit Card,Mumbai
1618,2025-01-08,C141,P502,Sports,5,11812,Credit Card,Bangalore
1619,2025-01-29,C146,P301,Home,1,10228,Debit Card,Mumbai
1620,2025-01-19,C006,P102,Electronics,5,9303,Credit Card,Hyderabad
1621,2025-02-03,C073,P501,Sports,3,9107,Debit Card,Chennai
1622,2025-02-10,C128,P103,Electronics,4,6984,UPI,Kolkata
1623,2025-02-07,C012,P102,Electronics,5,17057,Debit Card,Delhi
1624,2025-02-09,C055,P302,Home,3,8590,Credit Card,Bangalore
1625,2025-02-01,C014,P102,Electronics,4,8395,Credit Card,Chennai
1626,2025-01-06,C093,P203,Fashion,4,9356,UPI,Bangalore
1627,2025-01-25,C139,P402,Beauty,4,9028,COD,Mumbai
1628,2025-01-14,C236,P101,Electronics,2,15814,Credit Card,Bangalore
1629,2025-01-06,C228,P202,Fashion,4,19903,UPI,Chennai
1630,2025-01-01,C284,P501,Sports,4,12450,Debit Card,Mumbai
1631,2025-01-27,C161,P201,Fashion,4,4952,Credit Card,Hyderabad
1632,2025-01-25,C176,P101,Electronics,2,8263,COD,Kolkata
1633,2025-01-05,C217,P302,Home,2,7026,Credit Card,Kolkata
1634,2025-03-02,C244,P102,Electronics,1,2443,UPI,Kolkata
1635,2025-01-04,C027,P103,Electronics,3,3112,UPI,Mumbai
1636,2025-02-04,C205,P401,Beauty,5,17359,UPI,Delhi
1637,2025-01-28,C207,P203,Fashion,4,6542,Credit Card,Chennai
1638,2025-02-08,C243,P401,Beauty,3,4935,COD,Bangalore
1639,2025-02-25,C236,P203,Fashion,1,10868,COD,Hyderabad
1640,2025-01-02,C054,P203,Fashion,1,12662,Debit Card,Hyderabad
1641,2025-02-18,C175,P402,Beauty,3,17509,Credit Card,Delhi
1642,2025-02-27,C204,P401,Beauty,4,10657,COD,Hyderabad
1643,2025-01-17,C209,P101,Electronics,5,4167,UPI,Chennai
1644,2025-02-21,C185,P203,Fashion,1,9212,COD,Chennai
1645,2025-02-15,C052,P401,Beauty,2,19852,Debit Card,Kolkata
1646,2025-02-02,C274,P102,Electronics,1,5653,UPI,Mumbai
1647,2025-01-19,C236,P102,Electronics,2,18624,UPI,Mumbai
1648,2025-01-05,C258,P402,Beauty,3,2259,COD,Pune
1649,2025-01-25,C286,P501,Sports,2,12984,COD,Kolkata
1650,2025-02-26,C203,P102,Electronics,2,10948,COD,Pune
1651,2025-01-08,C081,P201,Fashion,3,8160,Debit Card,Hyderabad
1652,2025-02-03,C290,P301,Home,4,14303,Credit Card,Kolkata
1653,2025-01-18,C159,P401,Beauty,3,15188,Credit Card,Hyderabad
1654,2025-01-26,C061,P202,Fashion,2,8667,COD,Pune
1655,2025-01-08,C268,P103,Electronics,1,9518,Credit Card,Hyderabad
1656,2025-01-31,C067,P501,Sports,5,6929,COD,Delhi
1657,2025-02-07,C178,P401,Beauty,2,11698,Debit Card,Mumbai
1658,2025-01-18,C037,P401,Beauty,3,17714,COD,Kolkata
1659,2025-02-17,C019,P203,Fashion,1,5952,Credit Card,Kolkata
1660,2025-01-19,C077,P401,Beauty,1,13067,Credit Card,Kolkata
1661,2025-02-03,C016,P301,Home,3,5394,Credit Card,Hyderabad
1662,2025-02-18,C275,P302,Home,1,626,Credit Card,Pune
1663,2025-01-03,C047,P401,Beauty,4,15210,UPI,Bangalore
1664,2025-01-22,C136,P103,Electronics,3,19785,COD,Hyderabad
1665,2025-03-02,C082,P201,Fashion,5,3417,COD,Kolkata
1666,2025-01-31,C084,P201,Fashion,1,4807,COD,Chennai
1667,2025-02-28,C012,P302,Home,5,5147,COD,Kolkata
1668,2025-01-03,C009,P502,Sports,4,734,Credit Card,Bangalore
1669,2025-02-19,C200,P402,Beauty,1,12145,COD,Kolkata
1670,2025-01-09,C078,P501,Sports,5,1677,Credit Card,Bangalore
1671,2025-02-04,C218,P502,Sports,1,15439,COD,Mumbai
1672,2025-01-27,C067,P203,Fashion,1,11148,Debit Card,Bangalore
1673,2025-02-14,C132,P401,Beauty,3,2819,Credit Card,Chennai
1674,2025-02-23,C257,P401,Beauty,2,9496,Debit Card,Delhi
1675,2025-01-11,C279,P501,Sports,1,9902,Credit Card,Hyderabad
1676,2025-02-21,C074,P502,Sports,3,18367,Debit Card,Pune
1677,2025-02-15,C153,P301,Home,1,14132,Credit Card,Delhi
1678,2025-01-20,C286,P201,Fashion,1,17387,UPI,Pune
1679,2025-02-14,C081,P102,Electronics,3,7200,Debit Card,Mumbai
1680,2025-01-20,C111,P302,Home,2,5002,Debit Card,Pune
1681,2025-01-15,C120,P502,Sports,5,18929,Credit Card,Delhi
1682,2025-01-10,C186,P101,Electronics,3,10390,Debit Card,Chennai
1683,2025-02-26,C182,P101,Electronics,4,6215,Credit Card,Kolkata
1684,2025-02-22,C074,P301,Home,1,9372,Debit Card,Kolkata
1685,2025-01-07,C014,P202,Fashion,2,1354,Debit Card,Delhi
1686,2025-01-30,C271,P302,Home,5,14709,UPI,Hyderabad
1687,2025-01-06,C093,P102,Electronics,4,12068,COD,Bangalore
1688,2025-02-12,C124,P501,Sports,1,14183,Debit Card,Delhi
1689,2025-03-02,C102,P102,Electronics,3,14177,UPI,Pune
1690,2025-02-23,C044,P501,Sports,4,16972,UPI,Pune
1691,2025-01-09,C152,P401,Beauty,4,9809,Debit Card,Delhi
1692,2025-01-02,C075,P501,Sports,2,1854,Credit Card,Chennai
1693,2025-02-23,C066,P402,Beauty,5,5938,COD,Kolkata
1694,2025-02-02,C098,P401,Beauty,4,18809,Credit Card,Hyderabad
1695,2025-02-11,C036,P103,Electronics,4,19586,UPI,Kolkata
1696,2025-01-23,C060,P301,Home,1,11535,Debit Card,Pune
1697,2025-01-06,C098,P201,Fashion,5,16617,UPI,Bangalore
1698,2025-02-24,C070,P102,Electronics,5,4719,UPI,Hyderabad
1699,2025-02-22,C253,P402,Beauty,1,2050,Debit Card,Delhi
1700,2025-01-27,C199,P502,Sports,4,1647,UPI,Mumbai
1701,2025-02-26,C193,P302,Home,3,8052,COD,Mumbai
1702,2025-01-24,C132,P301,Home,5,7703,UPI,Mumbai
1703,2025-01-13,C121,P201,Fashion,2,1951,COD,Chennai
1704,2025-02-10,C252,P401,Beauty,1,1862,COD,Mumbai
1705,2025-01-12,C065,P502,Sports,4,5804,COD,Kolkata
1706,2025-02-17,C079,P302,Home,5,18634,Debit Card,Hyderabad
1707,2025-01-13,C030,P201,Fashion,4,18618,UPI,Hyderabad
1708,2025-01-18,C165,P301,Home,3,15357,Credit Card,Kolkata
1709,2025-02-22,C069,P401,Beauty,5,8535,COD,Bangalore
1710,2025-02-02,C137,P402,Beauty,4,11309,UPI,Bangalore
1711,2025-01-24,C008,P102,Electronics,2,4460,COD,Pune
1712,2025-01-11,C103,P501,Sports,2,6736,UPI,Bangalore
1713,2025-02-06,C019,P501,Sports,3,14636,Credit Card,Mumbai
1714,2025-01-05,C201,P302,Home,4,4611,Credit Card,Chennai
1715,2025-01-22,C037,P401,Beauty,5,12438,Debit Card,Mumbai
1716,2025-02-11,C045,P101,Electronics,4,7965,COD,Kolkata
1717,2025-02-19,C045,P103,Electronics,2,6287,COD,Mumbai
1718,2025-01-26,C008,P203,Fashion,4,14965,Debit Card,Delhi
1719,2025-02-09,C003,P502,Sports,5,7202,Credit Card,Bangalore
1720,2025-02-24,C184,P203,Fashion,1,17139,Credit Card,Mumbai
1721,2025-01-25,C084,P402,Beauty,1,7842,Credit Card,Bangalore
1722,2025-03-01,C069,P401,Beauty,2,15841,COD,Delhi
1723,2025-02-21,C279,P203,Fashion,4,15409,UPI,Hyderabad
1724,2025-03-02,C296,P501,Sports,3,17485,COD,Kolkata
1725,2025-01-23,C020,P302,Home,2,6223,UPI,Kolkata
1726,2025-01-10,C287,P102,Electronics,2,4617,UPI,Pune
1727,2025-03-01,C197,P302,Home,1,8200,Debit Card,Pune
1728,2025-01-07,C248,P203,Fashion,5,6880,Credit Card,Kolkata
1729,2025-01-09,C151,P501,Sports,5,10238,Debit Card,Chennai
1730,2025-01-30,C208,P401,Beauty,3,7128,UPI,Delhi
1731,2025-01-12,C282,P203,Fashion,3,3960,Credit Card,Pune
1732,2025-01-03,C140,P201,Fashion,1,9345,Credit Card,Bangalore
1733,2025-01-24,C009,P502,Sports,5,7317,COD,Kolkata
1734,2025-01-17,C168,P302,Home,4,18310,Credit Card,Kolkata
1735,2025-01-24,C086,P301,Home,3,1157,Credit Card,Delhi
1736,2025-02-24,C046,P101,Electronics,4,7404,Credit Card,Chennai
1737,2025-01-02,C242,P202,Fashion,1,3925,Debit Card,Delhi
1738,2025-01-23,C127,P302,Home,4,12502,COD,Bangalore
1739,2025-02-11,C127,P102,Electronics,4,7292,Debit Card,Chennai
1740,2025-02-20,C064,P401,Beauty,2,2245,UPI,Hyderabad
1741,2025-02-15,C092,P502,Sports,4,2430,COD,Bangalore
1742,2025-01-22,C109,P203,Fashion,4,2744,UPI,Kolkata
1743,2025-02-07,C027,P203,Fashion,2,7951,COD,Delhi
1744,2025-02-26,C104,P402,Beauty,1,16317,COD,Bangalore
1745,2025-02-08,C166,P203,Fashion,2,2866,UPI,Pune
1746,2025-01-26,C039,P502,Sports,5,18162,UPI,Hyderabad
1747,2025-01-01,C271,P201,Fashion,2,8709,COD,Pune
1748,2025-02-20,C091,P502,Sports,1,3651,UPI,Delhi
1749,2025-01-06,C162,P203,Fashion,3,14575,Debit Card,Delhi
1750,2025-02-12,C228,P502,Sports,2,15969,Debit Card,Bangalore
1751,2025-01-31,C074,P202,Fashion,2,7936,UPI,Kolkata
1752,2025-02-02,C081,P103,Electronics,1,12460,UPI,Hyderabad
1753,2025-02-25,C070,P201,Fashion,2,14807,COD,Hyderabad
1754,2025-01-07,C122,P302,Home,5,1413,Debit Card,Hyderabad
1755,2025-02-24,C085,P501,Sports,2,7118,COD,Hyderabad
1756,2025-01-15,C036,P301,Home,3,6143,Debit Card,Pune
1757,2025-02-03,C030,P102,Electronics,2,16262,COD,Chennai
1758,2025-01-29,C058,P402,Beauty,4,13261,UPI,Mumbai
1759,2025-01-09,C272,P202,Fashion,3,4666,UPI,Pune
1760,2025-01-25,C205,P302,Home,3,5061,Debit Card,Mumbai
1761,2025-01-18,C005,P102,Electronics,1,19398,Debit Card,Bangalore
1762,2025-02-27,C266,P302,Home,4,5702,Debit Card,Mumbai
1763,2025-01-25,C081,P502,Sports,5,822,Debit Card,Pune
1764,2025-01-12,C294,P502,Sports,3,13083,COD,Mumbai
1765,2025-01-05,C095,P401,Beauty,2,10067,UPI,Delhi
1766,2025-01-01,C078,P202,Fashion,2,8527,UPI,Mumbai
1767,2025-01-25,C143,P402,Beauty,2,13089,COD,Chennai
1768,2025-01-05,C219,P302,Home,1,885,Debit Card,Pune
1769,2025-02-02,C239,P102,Electronics,2,11135,Credit Card,Bangalore
1770,2025-02-16,C258,P201,Fashion,1,14769,COD,Delhi
1771,2025-02-21,C015,P502,Sports,4,8992,Debit Card,Pune
1772,2025-03-02,C160,P502,Sports,1,14574,Debit Card,Delhi
1773,2025-02-25,C121,P302,Home,2,2515,COD,Mumbai
1774,2025-01-24,C029,P501,Sports,2,14225,COD,Pune
1775,2025-02-18,C010,P202,Fashion,2,6392,Credit Card,Bangalore
1776,2025-02-24,C067,P302,Home,3,13770,COD,Bangalore
1777,2025-01-22,C205,P401,Beauty,5,16148,Credit Card,Pune
1778,2025-01-28,C042,P301,Home,1,5525,UPI,Bangalore
1779,2025-02-09,C019,P102,Electronics,5,3085,Debit Card,Hyderabad
1780,2025-02-26,C184,P302,Home,3,15234,Debit Card,Chennai
1781,2025-01-25,C175,P301,Home,1,16924,Debit Card,Hyderabad
1782,2025-01-06,C053,P102,Electronics,3,12321,Credit Card,Kolkata
1783,2025-03-01,C134,P401,Beauty,4,19947,Credit Card,Hyderabad
1784,2025-01-20,C219,P202,Fashion,1,3139,UPI,Kolkata
1785,2025-01-14,C224,P101,Electronics,3,3624,Credit Card,Kolkata
1786,2025-02-11,C257,P101,Electronics,2,4498,UPI,Bangalore
1787,2025-02-14,C160,P202,Fashion,5,19546,UPI,Delhi
1788,2025-02-27,C207,P301,Home,1,15687,Credit Card,Hyderabad
1789,2025-02-09,C063,P502,Sports,3,9181,COD,Hyderabad
1790,2025-01-10,C186,P202,Fashion,1,13636,COD,Hyderabad
1791,2025-01-08,C289,P402,Beauty,2,13796,COD,Hyderabad
1792,2025-02-23,C227,P201,Fashion,1,16705,UPI,Hyderabad
1793,2025-01-17,C177,P301,Home,1,3714,Debit Card,Bangalore
1794,2025-01-27,C230,P402,Beauty,1,4646,Credit Card,Delhi
1795,2025-01-23,C121,P301,Home,5,2795,Debit Card,Pune
1796,2025-02-18,C117,P202,Fashion,1,2484,Credit Card,Mumbai
1797,2025-02-08,C293,P201,Fashion,2,15410,COD,Pune
1798,2025-01-02,C274,P202,Fashion,4,12752,Credit Card,Kolkata
1799,2025-01-09,C042,P501,Sports,5,5575,Credit Card,Hyderabad
1800,2025-01-19,C219,P201,Fashion,4,14978,Credit Card,Chennai
1801,2025-02-25,C275,P502,Sports,4,17512,UPI,Chennai
1802,2025-02-26,C089,P502,Sports,2,2125,Credit Card,Kolkata
1803,2025-01-05,C044,P103,Electronics,4,624,Debit Card,Bangalore
1804,2025-02-21,C202,P101,Electronics,5,9315,Credit Card,Kolkata
1805,2025-01-22,C191,P301,Home,1,10654,COD,Delhi
1806,2025-01-03,C150,P101,Electronics,1,17723,COD,Kolkata
1807,2025-02-21,C154,P402,Beauty,1,13767,Debit Card,Hyderabad
1808,2025-01-27,C064,P103,Electronics,5,12423,Debit Card,Kolkata
1809,2025-01-15,C281,P402,Beauty,4,17924,Debit Card,Delhi
1810,2025-01-19,C026,P301,Home,3,1658,Credit Card,Delhi
1811,2025-02-13,C130,P202,Fashion,5,17373,Debit Card,Delhi
1812,2025-02-03,C029,P201,Fashion,4,13109,Debit Card,Chennai
1813,2025-01-16,C084,P202,Fashion,4,5258,Credit Card,Pune
1814,2025-01-06,C202,P401,Beauty,3,9326,UPI,Pune
1815,2025-02-03,C105,P101,Electronics,1,3481,Credit Card,Chennai
1816,2025-02-26,C058,P402,Beauty,2,1207,COD,Delhi
1817,2025-01-12,C040,P201,Fashion,2,17101,COD,Delhi
1818,2025-01-18,C217,P301,Home,2,13911,Debit Card,Kolkata
1819,2025-01-31,C291,P302,Home,5,7203,UPI,Bangalore
1820,2025-01-08,C004,P202,Fashion,4,3447,Debit Card,Bangalore
1821,2025-01-28,C098,P203,Fashion,3,11959,Debit Card,Mumbai
1822,2025-02-02,C031,P203,Fashion,5,16405,COD,Kolkata
1823,2025-02-14,C200,P501,Sports,2,1226,Credit Card,Pune
1824,2025-02-13,C041,P301,Home,4,4747,UPI,Delhi
1825,2025-01-16,C255,P402,Beauty,1,1832,UPI,Hyderabad
1826,2025-02-28,C148,P203,Fashion,2,8996,UPI,Hyderabad
1827,2025-03-01,C238,P202,Fashion,4,3750,Debit Card,Chennai
1828,2025-01-22,C143,P502,Sports,4,17988,Debit Card,Hyderabad
1829,2025-02-28,C039,P302,Home,2,6866,Debit Card,Hyderabad
1830,2025-02-22,C096,P201,Fashion,1,16256,Debit Card,Pune
1831,2025-01-07,C089,P301,Home,4,19493,COD,Chennai
1832,2025-01-30,C211,P502,Sports,3,3338,Debit Card,Pune
1833,2025-01-01,C065,P301,Home,3,17496,Credit Card,Kolkata
1834,2025-03-01,C221,P502,Sports,3,10104,Credit Card,Hyderabad
1835,2025-01-20,C119,P101,Electronics,4,13028,Credit Card,Hyderabad
1836,2025-01-17,C267,P201,Fashion,1,1444,UPI,Delhi
1837,2025-02-02,C092,P401,Beauty,4,2198,Credit Card,Kolkata
1838,2025-01-15,C197,P102,Electronics,2,14287,UPI,Pune
1839,2025-02-16,C017,P401,Beauty,2,10582,Debit Card,Hyderabad
1840,2025-01-19,C239,P502,Sports,3,2138,Debit Card,Mumbai
1841,2025-01-03,C061,P502,Sports,1,1659,Credit Card,Mumbai
1842,2025-01-03,C054,P301,Home,1,14384,Credit Card,Chennai
1843,2025-02-14,C225,P203,Fashion,5,8720,Debit Card,Delhi
1844,2025-01-24,C046,P201,Fashion,4,18348,Debit Card,Chennai
1845,2025-01-17,C282,P301,Home,2,6529,UPI,Kolkata
1846,2025-01-28,C204,P302,Home,5,16469,Debit Card,Kolkata
1847,2025-02-09,C148,P101,Electronics,5,8567,COD,Kolkata
1848,2025-01-10,C192,P301,Home,4,5054,Debit Card,Hyderabad
1849,2025-03-01,C041,P401,Beauty,5,15777,Debit Card,Bangalore
1850,2025-02-21,C263,P201,Fashion,2,6132,UPI,Delhi
1851,2025-02-10,C153,P302,Home,2,19464,Debit Card,Mumbai
1852,2025-01-01,C093,P401,Beauty,2,13156,Debit Card,Delhi
1853,2025-02-21,C080,P302,Home,3,2234,COD,Bangalore
1854,2025-02-10,C175,P501,Sports,3,13850,Debit Card,Pune
1855,2025-01-30,C179,P203,Fashion,3,15567,COD,Bangalore
1856,2025-02-27,C232,P102,Electronics,2,7511,Credit Card,Bangalore
1857,2025-02-17,C143,P103,Electronics,1,10132,Debit Card,Hyderabad
1858,2025-02-16,C110,P101,Electronics,2,14478,COD,Bangalore
1859,2025-02-10,C154,P401,Beauty,2,8205,Credit Card,Delhi
1860,2025-01-12,C154,P101,Electronics,2,17534,COD,Bangalore
1861,2025-02-22,C131,P301,Home,4,12864,COD,Hyderabad
1862,2025-01-05,C018,P502,Sports,3,4569,UPI,Chennai
1863,2025-01-19,C133,P101,Electronics,1,5011,COD,Hyderabad
1864,2025-02-12,C142,P102,Electronics,5,15786,COD,Bangalore
1865,2025-01-18,C260,P501,Sports,4,18229,Credit Card,Hyderabad
1866,2025-02-02,C228,P203,Fashion,2,6755,Debit Card,Hyderabad
1867,2025-01-23,C073,P101,Electronics,4,8438,Credit Card,Hyderabad
1868,2025-02-20,C269,P201,Fashion,5,17499,Debit Card,Bangalore
1869,2025-02-15,C006,P401,Beauty,2,2661,UPI,Kolkata
1870,2025-01-15,C111,P202,Fashion,3,19139,Debit Card,Hyderabad
1871,2025-01-20,C247,P501,Sports,4,5767,Debit Card,Chennai
1872,2025-02-16,C284,P203,Fashion,5,18768,COD,Bangalore
1873,2025-01-01,C218,P202,Fashion,1,2711,UPI,Chennai
1874,2025-02-22,C255,P401,Beauty,4,9652,Debit Card,Bangalore
1875,2025-02-13,C163,P501,Sports,4,15735,Debit Card,Hyderabad
1876,2025-01-28,C018,P401,Beauty,1,7145,COD,Pune
1877,2025-01-27,C164,P501,Sports,1,766,UPI,Chennai
1878,2025-02-07,C235,P103,Electronics,5,6399,Credit Card,Hyderabad
1879,2025-01-11,C043,P102,Electronics,2,1803,COD,Chennai
1880,2025-02-27,C284,P301,Home,4,16070,COD,Delhi
1881,2025-02-03,C062,P401,Beauty,3,2468,UPI,Delhi
1882,2025-01-03,C131,P301,Home,3,3591,COD,Chennai
1883,2025-01-15,C299,P301,Home,4,6217,COD,Chennai
1884,2025-02-05,C208,P501,Sports,2,8076,Debit Card,Bangalore
1885,2025-02-25,C001,P201,Fashion,3,7497,COD,Pune
1886,2025-02-23,C294,P101,Electronics,4,8886,UPI,Pune
1887,2025-01-17,C223,P501,Sports,3,13739,UPI,Delhi
1888,2025-02-06,C163,P401,Beauty,4,14732,COD,Kolkata
1889,2025-01-12,C245,P203,Fashion,5,15717,Debit Card,Bangalore
1890,2025-02-04,C196,P101,Electronics,1,16008,UPI,Kolkata
1891,2025-02-27,C057,P102,Electronics,4,745,Debit Card,Mumbai
1892,2025-02-10,C145,P502,Sports,1,1602,Debit Card,Pune
1893,2025-02-21,C053,P402,Beauty,5,6212,UPI,Pune
1894,2025-02-15,C285,P103,Electronics,3,15736,UPI,Chennai
1895,2025-01-22,C044,P103,Electronics,2,8652,Credit Card,Mumbai
1896,2025-02-07,C181,P201,Fashion,4,12152,COD,Chennai
1897,2025-01-31,C289,P302,Home,4,7574,Debit Card,Hyderabad
1898,2025-01-27,C029,P301,Home,1,6635,UPI,Mumbai
1899,2025-02-08,C198,P301,Home,1,11933,Credit Card,Kolkata
1900,2025-02-27,C188,P301,Home,3,19162,UPI,Bangalore
1901,2025-02-23,C083,P102,Electronics,4,8407,Debit Card,Chennai
1902,2025-03-01,C284,P103,Electronics,5,16731,Credit Card,Chennai
1903,2025-01-16,C173,P301,Home,1,11382,COD,Hyderabad
1904,2025-01-29,C143,P103,Electronics,2,9567,Debit Card,Bangalore
1905,2025-01-12,C030,P501,Sports,2,1214,Credit Card,Pune
1906,2025-02-12,C189,P501,Sports,4,14723,Credit Card,Hyderabad
1907,2025-01-11,C055,P501,Sports,2,19441,COD,Chennai
1908,2025-02-26,C173,P402,Beauty,1,3316,COD,Kolkata
1909,2025-01-24,C129,P501,Sports,5,1618,Credit Card,Kolkata
1910,2025-01-20,C289,P402,Beauty,4,14728,Debit Card,Hyderabad
1911,2025-02-02,C222,P401,Beauty,2,2833,Credit Card,Bangalore
1912,2025-01-19,C015,P102,Electronics,1,9118,Debit Card,Hyderabad
1913,2025-01-27,C082,P401,Beauty,5,2662,Credit Card,Hyderabad
1914,2025-02-17,C264,P101,Electronics,1,14635,COD,Hyderabad
1915,2025-02-15,C283,P501,Sports,2,10505,COD,Kolkata
1916,2025-01-21,C183,P501,Sports,1,16225,UPI,Mumbai
1917,2025-02-28,C069,P102,Electronics,2,13079,Credit Card,Chennai
1918,2025-01-19,C269,P202,Fashion,2,1634,COD,Mumbai
1919,2025-01-04,C015,P201,Fashion,2,1949,Credit Card,Bangalore
1920,2025-02-28,C218,P102,Electronics,5,10658,UPI,Delhi
1921,2025-02-25,C292,P402,Beauty,5,11261,Debit Card,Chennai
1922,2025-02-07,C129,P101,Electronics,3,3471,Debit Card,Mumbai
1923,2025-02-10,C057,P402,Beauty,1,3992,COD,Mumbai
1924,2025-01-29,C252,P501,Sports,1,15481,UPI,Bangalore
1925,2025-01-11,C260,P502,Sports,1,8060,Debit Card,Delhi
1926,2025-01-21,C062,P203,Fashion,5,9436,UPI,Hyderabad
1927,2025-02-07,C056,P202,Fashion,5,7149,Credit Card,Hyderabad
1928,2025-02-16,C190,P502,Sports,3,8621,Credit Card,Chennai
1929,2025-02-16,C234,P501,Sports,5,2136,Debit Card,Chennai
1930,2025-02-11,C125,P302,Home,3,9893,COD,Pune
1931,2025-01-01,C072,P102,Electronics,3,6272,Credit Card,Delhi
1932,2025-02-21,C181,P402,Beauty,4,12126,COD,Mumbai
1933,2025-02-28,C170,P301,Home,5,6457,COD,Delhi
1934,2025-01-04,C018,P402,Beauty,5,6026,Credit Card,Delhi
1935,2025-01-17,C044,P201,Fashion,4,16319,COD,Mumbai
1936,2025-02-02,C026,P302,Home,2,18358,Credit Card,Pune
1937,2025-02-25,C241,P302,Home,2,15312,COD,Hyderabad
1938,2025-02-14,C140,P102,Electronics,4,3612,COD,Delhi
1939,2025-01-12,C086,P101,Electronics,5,10642,UPI,Kolkata
1940,2025-01-06,C143,P101,Electronics,4,12501,COD,Delhi
1941,2025-02-24,C103,P203,Fashion,4,7232,COD,Pune
1942,2025-02-22,C257,P201,Fashion,4,16743,Debit Card,Mumbai
1943,2025-01-31,C044,P103,Electronics,4,4589,Credit Card,Pune
1944,2025-02-09,C031,P202,Fashion,2,1410,Credit Card,Delhi
1945,2025-02-10,C105,P401,Beauty,3,15495,COD,Kolkata
1946,2025-01-21,C183,P201,Fashion,2,10813,Debit Card,Bangalore
1947,2025-01-22,C152,P203,Fashion,1,6576,Debit Card,Delhi
1948,2025-02-23,C037,P402,Beauty,4,10336,UPI,Delhi
1949,2025-01-29,C239,P101,Electronics,3,15818,Credit Card,Hyderabad
1950,2025-02-16,C117,P101,Electronics,1,7426,COD,Bangalore
1951,2025-01-30,C076,P202,Fashion,4,19178,Credit Card,Kolkata
1952,2025-02-25,C028,P201,Fashion,4,18446,Credit Card,Hyderabad
1953,2025-02-17,C257,P101,Electronics,2,19742,UPI,Mumbai
1954,2025-01-13,C010,P101,Electronics,3,13814,COD,Chennai
1955,2025-01-18,C155,P302,Home,5,9557,Credit Card,Delhi
1956,2025-01-14,C068,P101,Electronics,4,17658,Credit Card,Delhi
1957,2025-01-11,C195,P401,Beauty,1,4842,Debit Card,Kolkata
1958,2025-01-30,C262,P203,Fashion,4,18985,UPI,Pune
1959,2025-02-22,C134,P202,Fashion,2,19032,UPI,Bangalore
1960,2025-02-01,C140,P402,Beauty,2,15154,Credit Card,Pune
1961,2025-01-17,C244,P301,Home,5,11285,Credit Card,Bangalore
1962,2025-02-18,C039,P401,Beauty,4,3936,COD,Bangalore
1963,2025-01-27,C270,P401,Beauty,2,7867,Credit Card,Delhi
1964,2025-02-17,C129,P401,Beauty,1,18219,Debit Card,Bangalore
1965,2025-02-03,C209,P501,Sports,4,8572,Debit Card,Pune
1966,2025-02-22,C014,P501,Sports,5,12892,Debit Card,Delhi
1967,2025-02-26,C228,P101,Electronics,3,12644,Credit Card,Pune
1968,2025-01-10,C238,P501,Sports,3,17678,COD,Mumbai
1969,2025-01-21,C172,P202,Fashion,1,15955,Debit Card,Chennai
1970,2025-02-12,C202,P302,Home,5,6776,COD,Bangalore
1971,2025-01-20,C263,P102,Electronics,1,1536,Debit Card,Hyderabad
1972,2025-02-08,C121,P301,Home,3,12599,Credit Card,Kolkata
1973,2025-01-06,C099,P501,Sports,3,6147,Debit Card,Mumbai
1974,2025-02-03,C300,P501,Sports,4,10105,UPI,Chennai
1975,2025-01-07,C228,P201,Fashion,2,1099,Debit Card,Kolkata
1976,2025-02-28,C073,P301,Home,5,16752,Credit Card,Mumbai
1977,2025-02-14,C039,P301,Home,2,14986,Debit Card,Bangalore
1978,2025-01-01,C203,P502,Sports,4,532,COD,Pune
1979,2025-02-02,C094,P301,Home,3,3392,COD,Pune
1980,2025-02-10,C061,P102,Electronics,3,3119,UPI,Kolkata
1981,2025-02-21,C046,P501,Sports,2,16045,Debit Card,Bangalore
1982,2025-01-30,C205,P201,Fashion,2,4805,COD,Bangalore
1983,2025-02-23,C261,P402,Beauty,5,13127,Credit Card,Pune
1984,2025-01-28,C300,P301,Home,2,11756,UPI,Chennai
1985,2025-02-01,C097,P502,Sports,1,4280,Credit Card,Mumbai
1986,2025-01-15,C196,P101,Electronics,5,18807,UPI,Chennai
1987,2025-02-20,C222,P301,Home,1,11356,Credit Card,Delhi
1988,2025-02-13,C071,P402,Beauty,3,18328,UPI,Mumbai
1989,2025-02-17,C070,P201,Fashion,1,4852,UPI,Hyderabad
1990,2025-01-21,C221,P502,Sports,3,6156,Credit Card,Chennai
1991,2025-02-03,C261,P502,Sports,5,4162,UPI,Chennai
1992,2025-02-23,C040,P203,Fashion,4,15414,COD,Kolkata
1993,2025-02-18,C214,P203,Fashion,5,5444,UPI,Mumbai
1994,2025-01-10,C013,P201,Fashion,2,10161,Debit Card,Mumbai
1995,2025-02-13,C134,P501,Sports,2,1952,COD,Pune
1996,2025-02-03,C036,P502,Sports,4,19592,UPI,Delhi
1997,2025-02-10,C258,P203,Fashion,1,6638,Debit Card,Bangalore
1998,2025-01-14,C055,P501,Sports,4,5314,UPI,Kolkata
1999,2025-01-17,C023,P501,Sports,5,11131,Credit Card,Hyderabad
2000,2025-01-18,C221,P301,Home,1,1615,UPI,Bangalore
2001,2025-02-24,C125,P302,Home,2,13962,Debit Card,Mumbai
2002,2025-02-20,C190,P401,Beauty,5,9720,UPI,Chennai
2003,2025-02-20,C288,P501,Sports,4,12956,UPI,Kolkata
2004,2025-01-26,C298,P402,Beauty,2,8528,Credit Card,Kolkata
2005,2025-01-12,C015,P102,Electronics,5,14659,UPI,Bangalore
2006,2025-01-07,C108,P401,Beauty,1,18945,UPI,Mumbai
2007,2025-01-13,C017,P202,Fashion,1,17145,Credit Card,Pune
2008,2025-02-17,C214,P402,Beauty,2,8342,UPI,Hyderabad
2009,2025-01-27,C223,P302,Home,1,3730,Debit Card,Hyderabad
2010,2025-01-16,C181,P301,Home,1,11741,Credit Card,Hyderabad
2011,2025-02-27,C078,P402,Beauty,4,11562,Debit Card,Delhi
2012,2025-02-05,C003,P202,Fashion,5,9876,COD,Kolkata
2013,2025-02-03,C037,P401,Beauty,5,5148,Debit Card,Hyderabad
2014,2025-03-02,C282,P302,Home,3,13911,Credit Card,Delhi
2015,2025-01-16,C188,P301,Home,1,13988,COD,Delhi
2016,2025-02-07,C272,P302,Home,3,19752,UPI,Delhi
2017,2025-02-10,C047,P501,Sports,4,4168,UPI,Pune
2018,2025-01-12,C003,P501,Sports,2,16813,Debit Card,Hyderabad
2019,2025-01-24,C110,P203,Fashion,1,8508,UPI,Pune
2020,2025-01-11,C165,P402,Beauty,4,10316,COD,Kolkata
2021,2025-01-18,C216,P201,Fashion,4,14106,UPI,Pune
2022,2025-01-22,C201,P202,Fashion,2,10183,UPI,Bangalore
2023,2025-01-26,C016,P301,Home,3,12745,UPI,Hyderabad
2024,2025-02-01,C070,P401,Beauty,2,12521,COD,Hyderabad
2025,2025-01-06,C007,P203,Fashion,4,4734,UPI,Kolkata
2026,2025-01-22,C244,P401,Beauty,3,12004,Credit Card,Bangalore
2027,2025-01-11,C044,P402,Beauty,5,17890,COD,Mumbai
2028,2025-02-25,C050,P201,Fashion,1,5218,COD,Bangalore
2029,2025-02-12,C029,P202,Fashion,4,9270,UPI,Hyderabad
2030,2025-02-20,C174,P302,Home,2,3184,Credit Card,Mumbai
2031,2025-01-14,C257,P201,Fashion,4,11264,COD,Bangalore
2032,2025-02-08,C203,P203,Fashion,4,17337,Debit Card,Mumbai
2033,2025-01-02,C258,P201,Fashion,4,19595,UPI,Hyderabad
2034,2025-01-19,C218,P201,Fashion,3,12408,Debit Card,Delhi
2035,2025-01-09,C135,P201,Fashion,2,14001,Debit Card,Pune
2036,2025-02-25,C057,P301,Home,1,3896,Credit Card,Bangalore
2037,2025-01-18,C117,P301,Home,2,15590,COD,Pune
2038,2025-02-23,C160,P103,Electronics,3,9384,Debit Card,Bangalore
2039,2025-02-26,C020,P201,Fashion,2,8742,Credit Card,Hyderabad
2040,2025-01-04,C205,P501,Sports,2,1452,Credit Card,Chennai
2041,2025-02-22,C014,P501,Sports,5,15379,Debit Card,Delhi
2042,2025-02-06,C100,P402,Beauty,4,6138,Debit Card,Pune
2043,2025-01-31,C224,P102,Electronics,5,11281,UPI,Delhi
2044,2025-01-19,C234,P501,Sports,4,3090,Credit Card,Mumbai
2045,2025-01-23,C108,P101,Electronics,2,8918,Debit Card,Chennai
2046,2025-02-01,C163,P201,Fashion,1,5300,Debit Card,Chennai
2047,2025-01-05,C094,P302,Home,5,5653,Credit Card,Bangalore
2048,2025-01-25,C030,P202,Fashion,3,10600,Credit Card,Mumbai
2049,2025-02-01,C033,P102,Electronics,5,18288,UPI,Mumbai
2050,2025-02-08,C198,P502,Sports,5,17523,UPI,Kolkata
2051,2025-02-17,C214,P501,Sports,3,18796,UPI,Chennai
2052,2025-02-23,C123,P301,Home,4,8934,Debit Card,Kolkata
2053,2025-02-17,C183,P302,Home,5,16846,COD,Kolkata
2054,2025-02-17,C020,P201,Fashion,5,10169,Credit Card,Mumbai
2055,2025-01-18,C112,P502,Sports,3,10265,Credit Card,Pune
2056,2025-02-16,C266,P402,Beauty,3,11077,COD,Hyderabad
2057,2025-02-17,C238,P501,Sports,5,17058,UPI,Bangalore
2058,2025-02-18,C075,P202,Fashion,2,19557,Debit Card,Hyderabad
2059,2025-01-04,C088,P501,Sports,5,5808,UPI,Pune
2060,2025-01-20,C096,P401,Beauty,5,13091,Debit Card,Chennai
2061,2025-02-08,C168,P301,Home,3,12909,Debit Card,Hyderabad
2062,2025-01-26,C076,P202,Fashion,2,11269,COD,Pune
2063,2025-02-22,C013,P401,Beauty,2,16813,Credit Card,Chennai
2064,2025-01-06,C281,P102,Electronics,4,18605,Debit Card,Pune
2065,2025-01-26,C297,P501,Sports,3,15646,Debit Card,Hyderabad
2066,2025-01-31,C102,P302,Home,5,18407,Debit Card,Kolkata
2067,2025-02-10,C033,P402,Beauty,1,7628,Credit Card,Delhi
2068,2025-01-25,C110,P201,Fashion,2,9695,Credit Card,Mumbai
2069,2025-02-01,C282,P302,Home,1,14049,Credit Card,Chennai
2070,2025-01-29,C008,P301,Home,5,8384,Credit Card,Kolkata
2071,2025-01-31,C261,P101,Electronics,1,3291,UPI,Pune
2072,2025-01-02,C146,P201,Fashion,1,2456,COD,Delhi
2073,2025-01-16,C250,P202,Fashion,3,18528,Debit Card,Pune
2074,2025-01-01,C044,P502,Sports,5,6317,Credit Card,Bangalore
2075,2025-02-23,C202,P203,Fashion,1,8521,Credit Card,Delhi
2076,2025-02-25,C066,P201,Fashion,3,3394,Credit Card,Mumbai
2077,2025-01-30,C114,P301,Home,1,8727,Credit Card,Pune
2078,2025-01-18,C158,P502,Sports,1,14822,Debit Card,Kolkata
2079,2025-02-17,C154,P101,Electronics,3,3955,Debit Card,Bangalore
2080,2025-02-09,C203,P302,Home,1,10567,Credit Card,Mumbai
2081,2025-01-11,C111,P401,Beauty,1,2977,COD,Mumbai
2082,2025-01-17,C249,P203,Fashion,2,15684,UPI,Kolkata
2083,2025-01-05,C195,P501,Sports,2,3691,Credit Card,Mumbai
2084,2025-01-14,C190,P102,Electronics,3,12480,Debit Card,Chennai
2085,2025-01-23,C225,P501,Sports,4,2089,Debit Card,Mumbai
2086,2025-01-19,C111,P401,Beauty,3,4336,Debit Card,Bangalore
2087,2025-02-19,C129,P401,Beauty,3,13248,UPI,Delhi
2088,2025-02-22,C170,P301,Home,2,17868,Debit Card,Mumbai
2089,2025-01-09,C262,P502,Sports,3,11881,UPI,Pune
2090,2025-01-30,C171,P203,Fashion,5,2633,Debit Card,Bangalore
2091,2025-01-29,C146,P402,Beauty,3,14147,COD,Hyderabad
2092,2025-01-03,C254,P301,Home,2,14201,Debit Card,Chennai
2093,2025-02-07,C253,P401,Beauty,1,5305,UPI,Bangalore
2094,2025-01-01,C215,P202,Fashion,5,6568,Debit Card,Delhi
2095,2025-01-22,C060,P301,Home,1,17998,UPI,Chennai
2096,2025-01-09,C248,P402,Beauty,5,2233,COD,Mumbai
2097,2025-01-05,C035,P201,Fashion,1,13090,Debit Card,Mumbai
2098,2025-02-13,C053,P203,Fashion,2,11889,Debit Card,Hyderabad
2099,2025-02-06,C284,P102,Electronics,2,18369,Debit Card,Bangalore
2100,2025-02-05,C136,P103,Electronics,5,12956,COD,Kolkata
2101,2025-01-14,C011,P301,Home,5,1065,Debit Card,Chennai
2102,2025-01-14,C140,P402,Beauty,3,14853,Credit Card,Mumbai
2103,2025-01-29,C006,P401,Beauty,3,12726,UPI,Hyderabad
2104,2025-01-03,C122,P402,Beauty,3,14027,UPI,Hyderabad
2105,2025-01-23,C248,P102,Electronics,1,10630,COD,Mumbai
2106,2025-02-09,C060,P302,Home,2,12029,COD,Delhi
2107,2025-02-01,C096,P103,Electronics,3,3116,COD,Chennai
2108,2025-02-05,C253,P101,Electronics,3,16620,Debit Card,Mumbai
2109,2025-01-15,C036,P302,Home,4,17417,COD,Kolkata
2110,2025-02-25,C027,P201,Fashion,2,5136,UPI,Pune
2111,2025-01-18,C012,P203,Fashion,3,3148,Debit Card,Bangalore
2112,2025-02-06,C285,P402,Beauty,1,6113,UPI,Delhi
2113,2025-02-21,C166,P502,Sports,2,3588,Credit Card,Hyderabad
2114,2025-01-13,C089,P401,Beauty,2,10100,Credit Card,Delhi
2115,2025-02-19,C287,P401,Beauty,2,19355,Debit Card,Kolkata
2116,2025-01-24,C095,P402,Beauty,3,14146,UPI,Chennai
2117,2025-02-25,C297,P401,Beauty,1,15979,Credit Card,Hyderabad
2118,2025-02-07,C210,P201,Fashion,5,527,Debit Card,Kolkata
2119,2025-01-21,C166,P301,Home,5,6461,Debit Card,Chennai
2120,2025-01-16,C134,P502,Sports,1,7442,UPI,Bangalore
2121,2025-02-04,C077,P302,Home,4,13869,Debit Card,Delhi
2122,2025-02-01,C030,P202,Fashion,3,7067,Debit Card,Mumbai
2123,2025-01-25,C150,P301,Home,4,19772,Credit Card,Kolkata
2124,2025-02-03,C146,P102,Electronics,5,19080,COD,Pune
2125,2025-02-26,C047,P103,Electronics,3,11967,UPI,Mumbai
2126,2025-02-20,C278,P502,Sports,3,13012,COD,Kolkata
2127,2025-01-07,C080,P102,Electronics,1,8925,UPI,Bangalore
2128,2025-02-18,C189,P401,Beauty,1,12749,Credit Card,Chennai
2129,2025-01-31,C285,P402,Beauty,4,2920,Debit Card,Hyderabad
2130,2025-01-06,C225,P402,Beauty,1,3206,UPI,Mumbai
2131,2025-02-01,C205,P502,Sports,5,5042,Credit Card,Kolkata
2132,2025-01-23,C285,P302,Home,3,4475,Credit Card,Mumbai
2133,2025-01-25,C243,P401,Beauty,3,951,Credit Card,Pune
2134,2025-01-29,C262,P201,Fashion,1,11241,Debit Card,Kolkata
2135,2025-01-02,C137,P302,Home,3,5464,COD,Bangalore
2136,2025-01-12,C224,P201,Fashion,1,18802,Debit Card,Delhi
2137,2025-02-21,C113,P103,Electronics,4,16880,Debit Card,Mumbai
2138,2025-01-20,C135,P501,Sports,2,7802,Debit Card,Kolkata
2139,2025-01-31,C031,P101,Electronics,2,5557,Credit Card,Mumbai
2140,2025-02-25,C244,P102,Electronics,1,5876,UPI,Kolkata
2141,2025-01-15,C111,P102,Electronics,3,4208,UPI,Delhi
2142,2025-02-21,C266,P401,Beauty,3,3636,UPI,Hyderabad
2143,2025-01-29,C129,P502,Sports,2,17875,Credit Card,Bangalore
2144,2025-01-29,C150,P401,Beauty,5,18300,Debit Card,Bangalore
2145,2025-02-15,C053,P501,Sports,5,18699,Credit Card,Mumbai
2146,2025-01-15,C146,P101,Electronics,4,13130,UPI,Bangalore
2147,2025-01-16,C281,P502,Sports,2,12429,Credit Card,Bangalore
2148,2025-02-11,C201,P201,Fashion,1,18225,Debit Card,Hyderabad
2149,2025-02-15,C043,P203,Fashion,1,11009,Credit Card,Hyderabad
2150,2025-01-18,C027,P201,Fashion,4,11807,Credit Card,Hyderabad
2151,2025-01-11,C172,P501,Sports,5,10916,COD,Hyderabad
2152,2025-02-26,C137,P101,Electronics,1,13069,Debit Card,Hyderabad
2153,2025-02-26,C286,P502,Sports,4,14602,COD,Chennai
2154,2025-01-30,C040,P501,Sports,3,6587,UPI,Hyderabad
2155,2025-01-29,C092,P402,Beauty,3,16305,Credit Card,Bangalore
2156,2025-01-30,C165,P102,Electronics,1,14692,Debit Card,Pune
2157,2025-01-01,C129,P402,Beauty,3,14694,UPI,Kolkata
2158,2025-02-26,C105,P202,Fashion,3,19914,UPI,Pune
2159,2025-01-03,C108,P401,Beauty,5,14054,Credit Card,Hyderabad
2160,2025-01-23,C024,P203,Fashion,4,9753,COD,Kolkata
2161,2025-02-24,C209,P203,Fashion,4,17063,COD,Mumbai
2162,2025-01-21,C125,P202,Fashion,1,16717,UPI,Hyderabad
2163,2025-01-06,C090,P501,Sports,5,12081,Credit Card,Bangalore
2164,2025-01-24,C139,P102,Electronics,2,11786,Debit Card,Pune
2165,2025-02-17,C103,P502,Sports,2,4148,Debit Card,Mumbai
2166,2025-01-18,C027,P502,Sports,2,13016,COD,Chennai
2167,2025-02-23,C093,P201,Fashion,2,10538,Credit Card,Chennai
2168,2025-01-22,C207,P502,Sports,5,7646,COD,Delhi
2169,2025-01-08,C185,P501,Sports,3,3128,Credit Card,Pune
2170,2025-01-17,C046,P501,Sports,3,10015,Debit Card,Hyderabad
2171,2025-02-05,C099,P502,Sports,5,18841,COD,Bangalore
2172,2025-02-19,C057,P402,Beauty,3,10321,COD,Bangalore
2173,2025-01-09,C289,P202,Fashion,2,12628,Credit Card,Delhi
2174,2025-02-27,C294,P401,Beauty,4,4232,COD,Pune
2175,2025-01-14,C128,P102,Electronics,2,4776,Debit Card,Delhi
2176,2025-02-09,C071,P501,Sports,4,6074,UPI,Chennai
2177,2025-01-26,C083,P302,Home,2,11739,Credit Card,Mumbai
2178,2025-02-16,C147,P401,Beauty,1,17941,COD,Delhi
2179,2025-02-21,C136,P301,Home,3,5307,Credit Card,Kolkata
2180,2025-01-17,C030,P402,Beauty,5,18914,Debit Card,Hyderabad
2181,2025-01-08,C014,P402,Beauty,5,4740,Credit Card,Kolkata
2182,2025-02-16,C122,P501,Sports,3,7175,COD,Mumbai
2183,2025-01-15,C187,P502,Sports,4,14053,COD,Kolkata
2184,2025-02-10,C048,P501,Sports,4,15994,COD,Delhi
2185,2025-01-09,C042,P302,Home,4,16927,Credit Card,Mumbai
2186,2025-02-26,C088,P102,Electronics,2,4755,Debit Card,Mumbai
2187,2025-02-13,C145,P101,Electronics,3,7319,Credit Card,Pune
2188,2025-01-22,C035,P402,Beauty,1,14590,Debit Card,Hyderabad
2189,2025-01-26,C160,P202,Fashion,3,14550,Credit Card,Bangalore
2190,2025-02-24,C143,P401,Beauty,2,4213,COD,Mumbai
2191,2025-01-06,C224,P501,Sports,5,15126,Debit Card,Hyderabad
2192,2025-02-14,C006,P402,Beauty,4,10439,Debit Card,Delhi
2193,2025-02-27,C063,P401,Beauty,4,17412,UPI,Delhi
2194,2025-02-11,C054,P501,Sports,5,6473,Debit Card,Pune
2195,2025-01-10,C188,P302,Home,2,4947,Debit Card,Mumbai
2196,2025-02-13,C019,P402,Beauty,1,13561,UPI,Chennai
2197,2025-01-24,C092,P401,Beauty,5,8413,COD,Kolkata
2198,2025-01-27,C119,P102,Electronics,5,14364,UPI,Pune
2199,2025-02-10,C198,P101,Electronics,1,14968,Credit Card,Bangalore
2200,2025-01-09,C222,P203,Fashion,3,16030,UPI,Hyderabad
